Date,SP.rk
20000103,0.000160727
20000104,0.000264396
20000105,0.00030465
20000106,0.000148582
20000107,0.000123267
20000110,0.000130693
20000111,7.68E-05
20000112,0.000122201
20000113,0.000110056
20000114,0.000143639
20000117,
20000118,9.86E-05
20000119,5.25E-05
20000120,0.000120725
20000121,5.53E-05
20000124,0.000209122
20000125,0.00019254
20000126,6.81E-05
20000127,0.000186332
20000128,0.00030057
20000131,0.000217619
20000201,0.000104101
20000202,0.000131156
20000203,0.000169714
20000204,8.12E-05
20000207,6.75E-05
20000208,8.86E-05
20000209,0.000104041
20000210,0.000108531
20000211,0.00011269
20000214,9.86E-05
20000215,0.000130362
20000216,0.0001037
20000217,0.000201565
20000218,0.000179962
20000221,
20000222,0.000208231
20000223,0.000134655
20000224,0.000310427
20000225,0.000232435
20000228,0.000235077
20000229,0.000122817
20000301,0.000115907
20000302,0.000100256
20000303,0.00010638
20000306,6.85E-05
20000307,0.000268775
20000308,0.000173019
20000309,0.000113695
20000310,0.000132786
20000313,0.000462382
20000314,0.000168965
20000315,0.000244652
20000316,0.000271003
20000317,
20000320,0.000104184
20000321,0.000164423
20000322,7.99E-05
20000323,0.000129512
20000324,0.000177168
20000327,8.31E-05
20000328,
20000329,0.000167909
20000330,0.000289966
20000331,0.000237505
20000403,0.000249942
20000404,0.001276207
20000405,0.000489437
20000406,0.000191888
20000407,0.000110921
20000410,0.000109093
20000411,0.000244761
20000412,0.000151655
20000413,0.000402477
20000414,0.001124992
20000417,0.000696926
20000418,0.000275629
20000419,0.000169635
20000420,9.02E-05
20000421,
20000424,0.000473346
20000425,0.000165557
20000426,0.000114268
20000427,0.000417648
20000428,0.000140748
20000501,0.000115716
20000502,0.000108544
20000503,0.000237533
20000504,0.000138786
20000505,0.00013624
20000508,0.000129337
20000509,0.000137326
20000510,0.000258343
20000511,0.000158471
20000512,9.51E-05
20000515,9.12E-05
20000516,0.000175012
20000517,0.000171972
20000518,7.58E-05
20000519,0.000186649
20000522,0.000351716
20000523,0.000200943
20000524,0.000350346
20000525,0.000219564
20000526,0.000195842
20000529,
20000530,0.000151843
20000531,0.000162446
20000601,0.000101429
20000602,0.000171627
20000605,0.000101239
20000606,7.15E-05
20000607,7.54E-05
20000608,6.88E-05
20000609,6.86E-05
20000612,5.04E-05
20000613,9.07E-05
20000614,9.13E-05
20000615,8.10E-05
20000616,5.86E-05
20000619,6.00E-05
20000620,9.41E-05
20000621,8.04E-05
20000622,0.000100172
20000623,8.76E-05
20000626,7.49E-05
20000627,5.01E-05
20000628,6.67E-05
20000629,0.000125061
20000630,6.89E-05
20000703,
20000704,
20000705,6.91E-05
20000706,5.91E-05
20000707,5.17E-05
20000710,3.85E-05
20000711,8.54E-05
20000712,7.06E-05
20000713,4.20E-05
20000714,4.17E-05
20000717,2.88E-05
20000718,5.23E-05
20000719,4.74E-05
20000720,8.21E-05
20000721,4.20E-05
20000724,5.55E-05
20000725,9.04E-05
20000726,9.37E-05
20000727,0.000138255
20000728,0.000166545
20000731,0.000118369
20000801,7.80E-05
20000802,7.56E-05
20000803,0.000125517
20000804,9.06E-05
20000807,3.97E-05
20000808,3.92E-05
20000809,6.52E-05
20000810,4.45E-05
20000811,5.81E-05
20000814,3.56E-05
20000815,3.69E-05
20000816,4.12E-05
20000817,5.16E-05
20000818,3.26E-05
20000821,4.34E-05
20000822,3.61E-05
20000823,3.44E-05
20000824,2.60E-05
20000825,2.50E-05
20000828,3.05E-05
20000829,2.91E-05
20000830,2.67E-05
20000831,4.04E-05
20000901,7.53E-05
20000904,
20000905,4.41E-05
20000906,5.01E-05
20000907,4.24E-05
20000908,5.12E-05
20000911,7.90E-05
20000912,6.29E-05
20000913,0.000101948
20000914,5.90E-05
20000915,5.88E-05
20000918,8.48E-05
20000919,9.84E-05
20000920,0.00014177
20000921,0.000117936
20000922,0.00022232
20000925,7.71E-05
20000926,1.00E-04
20000927,0.00012053
20000928,8.17E-05
20000929,0.000119738
20001002,0.000115341
20001003,0.000127123
20001004,0.000195355
20001005,0.000100221
20001006,0.000196869
20001009,0.000117261
20001010,0.000175152
20001011,0.000416656
20001012,0.000557745
20001013,0.000183705
20001016,0.00010008
20001017,0.000155062
20001018,0.000669314
20001019,0.000287146
20001020,0.000103543
20001023,0.000109971
20001024,0.000145828
20001025,0.000225001
20001026,0.000330134
20001027,0.000232205
20001030,0.000136819
20001031,9.71E-05
20001101,0.000117344
20001102,8.85E-05
20001103,6.53E-05
20001106,3.81E-05
20001107,4.42E-05
20001108,0.000114991
20001109,0.000337484
20001110,0.000182079
20001113,0.000375997
20001114,0.000275867
20001115,0.000153545
20001116,0.000115597
20001117,0.000265804
20001120,0.000203815
20001121,0.00015079
20001122,0.00026924
20001123,
20001124,8.24E-05
20001127,0.000186451
20001128,0.000155169
20001129,0.000214492
20001130,0.000432559
20001201,0.000200859
20001204,0.000219853
20001205,0.000205353
20001206,0.000191244
20001207,8.69E-05
20001208,0.000215294
20001211,0.0001001
20001212,6.49E-05
20001213,0.000197982
20001214,0.000128556
20001215,0.000210082
20001218,0.000168799
20001219,0.00028949
20001220,0.000463368
20001221,0.000262423
20001222,0.000164483
20001225,
20001226,9.11E-05
20001227,9.23E-05
20001228,7.01E-05
20001229,8.13E-05
20010102,0.000184312
20010103,0.000908385
20010104,0.000158772
20010105,0.000305565
20010108,
20010109,0.000154806
20010110,0.000234294
20010111,7.91E-05
20010112,0.000140281
20010115,
20010116,8.97E-05
20010117,0.000167115
20010118,9.02E-05
20010119,0.000111431
20010122,0.000112113
20010123,7.22E-05
20010124,7.69E-05
20010125,8.38E-05
20010126,7.87E-05
20010129,4.79E-05
20010130,5.16E-05
20010131,0.000123228
20010201,6.75E-05
20010202,7.40E-05
20010205,6.05E-05
20010206,4.88E-05
20010207,9.03E-05
20010208,6.40E-05
20010209,7.03E-05
20010212,6.80E-05
20010213,7.39E-05
20010214,8.54E-05
20010215,7.55E-05
20010216,0.000245902
20010219,
20010220,8.96E-05
20010221,0.000155451
20010222,0.000420771
20010223,0.000358741
20010226,0.000150948
20010227,9.64E-05
20010228,0.000266172
20010301,0.000294355
20010302,0.000248026
20010305,8.56E-05
20010306,0.000164543
20010307,0.00011893
20010308,
20010309,0.000232077
20010312,0.000369143
20010313,0.000268896
20010314,0.000777681
20010315,0.000176754
20010316,0.000278361
20010319,0.00013086
20010320,0.000308461
20010321,
20010322,0.000635527
20010323,0.000312411
20010326,0.000200617
20010327,0.000158181
20010328,0.000303672
20010329,0.000265871
20010330,0.000232028
20010402,
20010403,0.000298072
20010404,0.000422852
20010405,0.000322003
20010406,0.000450341
20010409,0.000169563
20010410,0.000202406
20010411,0.000210451
20010412,0.000192715
20010413,
20010416,0.000117686
20010417,0.000214939
20010418,
20010419,0.000115282
20010420,0.000120002
20010423,0.000100217
20010424,9.91E-05
20010425,0.0001118
20010426,0.000102591
20010427,0.000121955
20010430,9.12E-05
20010501,0.000100148
20010502,0.000122986
20010503,0.000146945
20010504,0.000256377
20010507,8.87E-05
20010508,7.03E-05
20010509,0.000114623
20010510,0.000111682
20010511,8.16E-05
20010514,3.56E-05
20010515,9.74E-05
20010516,0.000126884
20010517,9.87E-05
20010518,6.26E-05
20010521,6.32E-05
20010522,7.39E-05
20010523,8.19E-05
20010524,7.93E-05
20010525,4.82E-05
20010528,
20010529,5.95E-05
20010530,8.16E-05
20010531,7.36E-05
20010601,9.66E-05
20010604,5.56E-05
20010605,5.34E-05
20010606,8.17E-05
20010607,6.68E-05
20010608,4.04E-05
20010611,4.18E-05
20010612,0.000116526
20010613,6.40E-05
20010614,8.39E-05
20010615,0.00016579
20010618,7.65E-05
20010619,0.000190612
20010620,0.000110774
20010621,8.56E-05
20010622,8.32E-05
20010625,6.56E-05
20010626,0.000124294
20010627,9.32E-05
20010628,0.000107834
20010629,5.82E-05
20010702,4.73E-05
20010703,2.21E-05
20010704,
20010705,5.54E-05
20010706,0.000110094
20010709,6.35E-05
20010710,6.83E-05
20010711,0.000146272
20010712,9.29E-05
20010713,6.27E-05
20010716,7.16E-05
20010717,8.10E-05
20010718,0.000128049
20010719,0.000130219
20010720,5.07E-05
20010723,9.68E-05
20010724,0.000116341
20010725,9.73E-05
20010726,8.62E-05
20010727,6.61E-05
20010730,5.18E-05
20010731,6.10E-05
20010801,5.19E-05
20010802,6.34E-05
20010803,7.59E-05
20010806,3.97E-05
20010807,4.38E-05
20010808,7.67E-05
20010809,0.000111309
20010810,0.000130098
20010813,4.65E-05
20010814,5.98E-05
20010815,7.43E-05
20010816,0.000116984
20010817,0.00010008
20010820,4.45E-05
20010821,
20010822,
20010823,3.44E-05
20010824,7.43E-05
20010827,4.82E-05
20010828,8.07E-05
20010829,9.21E-05
20010830,0.000141226
20010831,0.0001284
20010903,
20010904,0.000162384
20010905,0.000271699
20010906,0.000232885
20010907,0.00028024
20010910,4.78E-05
20010911,
20010912,
20010913,
20010914,
20010917,0.000443813
20010918,0.000110606
20010919,0.000451733
20010920,0.000439477
20010921,0.001163324
20010924,0.000535796
20010925,0.00020858
20010926,0.000131851
20010927,0.000177345
20010928,0.000181929
20011001,0.000115354
20011002,0.000120961
20011003,0.000236063
20011004,0.000228254
20011005,0.000188285
20011008,
20011009,9.43E-05
20011010,0.000122342
20011011,0.000157281
20011012,0.000338871
20011015,0.000121456
20011016,0.000122759
20011017,0.00025497
20011018,0.000127982
20011019,8.73E-05
20011022,0.000100262
20011023,0.000140077
20011024,
20011025,0.000245529
20011026,0.000137508
20011029,0.000124112
20011030,0.000187687
20011031,0.000170752
20011101,0.000202258
20011102,0.000139142
20011105,0.000131615
20011106,0.000130319
20011107,6.55E-05
20011108,0.000132249
20011109,0.000124608
20011112,0.000342426
20011113,0.000155951
20011114,5.60E-05
20011115,8.98E-05
20011116,6.85E-05
20011119,7.43E-05
20011120,6.30E-05
20011121,5.86E-05
20011122,
20011123,2.14E-05
20011126,6.17E-05
20011127,0.000146475
20011128,0.000117748
20011129,8.50E-05
20011130,4.78E-05
20011203,9.16E-05
20011204,5.87E-05
20011205,9.03E-05
20011206,6.02E-05
20011207,8.11E-05
20011210,6.97E-05
20011211,8.53E-05
20011212,8.52E-05
20011213,0.000144108
20011214,7.76E-05
20011217,5.73E-05
20011218,6.76E-05
20011219,8.36E-05
20011220,4.43E-05
20011221,4.31E-05
20011224,8.07E-06
20011225,
20011226,4.06E-05
20011227,2.35E-05
20011228,3.13E-05
20011231,3.96E-05
20020102,9.94E-05
20020103,4.58E-05
20020104,9.29E-05
20020107,5.58E-05
20020108,5.18E-05
20020109,8.41E-05
20020110,5.84E-05
20020111,6.32E-05
20020114,3.92E-05
20020115,5.72E-05
20020116,8.32E-05
20020117,
20020118,3.06E-05
20020121,
20020122,6.58E-05
20020123,6.65E-05
20020124,6.72E-05
20020125,5.10E-05
20020128,1.04E-05
20020129,0.000115531
20020130,0.000289771
20020131,8.69E-05
20020201,
20020204,0.00010494
20020205,0.000188182
20020206,0.000184919
20020207,0.00013635
20020208,0.000114655
20020211,4.64E-05
20020212,6.97E-05
20020213,6.65E-05
20020214,6.63E-05
20020215,8.41E-05
20020218,
20020219,0.000100586
20020220,0.000110555
20020221,0.000116627
20020222,0.00016185
20020225,8.78E-05
20020226,0.000114436
20020227,0.000121397
20020228,0.0001171
20020301,8.72E-05
20020304,7.95E-05
20020305,0.000116739
20020306,7.80E-05
20020307,0.000102727
20020308,0.000101474
20020311,3.85E-05
20020312,0.000170429
20020313,6.07E-05
20020314,3.49E-05
20020315,4.52E-05
20020318,5.84E-05
20020319,6.15E-05
20020320,5.96E-05
20020321,7.02E-05
20020322,6.29E-05
20020325,5.38E-05
20020326,8.48E-05
20020327,5.08E-05
20020328,5.38E-05
20020329,
20020401,8.58E-05
20020402,5.33E-05
20020403,5.57E-05
20020404,7.50E-05
20020405,6.00E-05
20020408,0.000116868
20020409,5.05E-05
20020410,5.91E-05
20020411,9.22E-05
20020412,8.09E-05
20020415,7.34E-05
20020416,0.000116761
20020417,4.05E-05
20020418,0.000144512
20020419,3.86E-05
20020422,4.71E-05
20020423,8.04E-05
20020424,6.40E-05
20020425,8.91E-05
20020426,8.53E-05
20020429,7.96E-05
20020430,8.68E-05
20020501,0.000121832
20020502,8.33E-05
20020503,9.57E-05
20020506,7.82E-05
20020507,0.000102606
20020508,0.000245438
20020509,0.00011234
20020510,8.53E-05
20020513,7.58E-05
20020514,0.000144305
20020515,0.000130204
20020516,5.41E-05
20020517,6.07E-05
20020520,7.06E-05
20020521,7.46E-05
20020522,9.13E-05
20020523,7.04E-05
20020524,5.54E-05
20020527,
20020528,6.84E-05
20020529,4.52E-05
20020530,0.000118516
20020531,8.30E-05
20020603,0.000129529
20020604,0.000202861
20020605,9.61E-05
20020606,0.00012627
20020607,0.000240978
20020610,0.000111342
20020611,0.000119212
20020612,0.000231243
20020613,0.000128283
20020614,0.000375054
20020617,0.000131327
20020618,9.55E-05
20020619,0.000134686
20020620,0.000129434
20020621,0.000168728
20020624,0.00032667
20020625,0.000249627
20020626,0.000724485
20020627,0.000308121
20020628,0.000128888
20020701,0.000164898
20020702,0.000283209
20020703,0.000232205
20020704,
20020705,0.000140534
20020708,0.000199049
20020709,0.000179058
20020710,0.000354669
20020711,0.000630331
20020712,0.000437767
20020715,0.000582734
20020716,0.000590227
20020717,0.000791325
20020718,0.000265148
20020719,0.000494008
20020722,0.001214168
20020723,0.000975093
20020724,0.001423463
20020725,0.001276082
20020726,0.000407137
20020729,0.000440002
20020730,0.000470783
20020731,0.000334551
20020801,0.000366916
20020802,0.000342409
20020805,0.00025504
20020806,0.000523883
20020807,0.000609263
20020808,0.000291661
20020809,0.000334834
20020812,0.000329715
20020813,0.000321548
20020814,0.000356227
20020815,0.000392849
20020816,6.44E-05
20020819,0.000119304
20020820,0.000207906
20020821,0.000317684
20020822,0.000169085
20020823,0.000167656
20020826,0.000158365
20020827,0.000246352
20020828,0.000182427
20020829,0.000345276
20020830,0.000203192
20020902,
20020903,0.000373436
20020904,0.000178571
20020905,0.000423984
20020906,0.000300633
20020909,0.000188931
20020910,7.03E-05
20020911,0.00016799
20020912,0.000153014
20020913,0.000224273
20020916,0.000121954
20020917,0.000253988
20020918,0.000260901
20020919,0.000343549
20020920,0.000189883
20020923,0.000307362
20020924,0.000469039
20020925,0.000414813
20020926,0.000259506
20020927,0.000250963
20020930,0.000599516
20021001,0.000382074
20021002,0.000271085
20021003,0.000440237
20021004,0.000700953
20021007,0.000396607
20021008,0.000690114
20021009,0.000645246
20021010,0.00056256
20021011,0.000458467
20021014,0.00026485
20021015,0.000490516
20021016,0.000213001
20021017,0.000569476
20021018,0.000252108
20021021,0.000221425
20021022,7.39E-05
20021023,0.000291864
20021024,0.000242319
20021025,0.000226726
20021028,0.000249881
20021029,0.000313833
20021030,0.000186191
20021031,
20021101,0.000246503
20021104,0.000201003
20021105,0.000101421
20021106,0.00034729
20021107,0.000203012
20021108,0.000181414
20021111,0.000132099
20021112,0.000163673
20021113,0.00035249
20021114,0.000244021
20021115,0.000204497
20021118,0.000131816
20021119,0.000120262
20021120,
20021121,0.000135684
20021122,9.05E-05
20021125,9.74E-05
20021126,0.000120669
20021127,0.000129895
20021128,
20021129,4.50E-05
20021202,0.000355819
20021203,0.000147518
20021204,0.000248238
20021205,0.00011171
20021206,0.00025295
20021209,0.000145766
20021210,0.000102315
20021211,0.000127094
20021212,0.000128911
20021213,0.000164486
20021216,7.60E-05
20021217,7.25E-05
20021218,0.000107169
20021219,0.000146317
20021220,0.000107852
20021223,7.30E-05
20021224,2.31E-05
20021225,
20021226,9.02E-05
20021227,7.06E-05
20021230,9.28E-05
20021231,0.000112365
20030101,
20030102,0.000198042
20030103,8.45E-05
20030106,5.67E-05
20030107,0.000114899
20030108,0.000112653
20030109,9.60E-05
20030110,0.000168402
20030113,0.000113826
20030114,6.39E-05
20030115,7.74E-05
20030116,0.000101859
20030117,
20030120,
20030121,
20030122,0.000101233
20030123,0.000134481
20030124,0.000169081
20030127,0.000257015
20030128,0.000156261
20030129,0.000235653
20030130,0.00015071
20030131,0.000220797
20030203,0.000123589
20030204,0.000203527
20030205,0.000219773
20030206,0.000182161
20030207,0.000164796
20030210,0.000154183
20030211,0.000107271
20030212,0.000111472
20030213,0.000160214
20030214,0.000208422
20030217,
20030218,0.000142623
20030219,6.68E-05
20030220,8.15E-05
20030221,0.00015005
20030224,9.51E-05
20030225,0.000228516
20030226,0.000117561
20030227,0.000173193
20030228,0.000107364
20030303,0.000130551
20030304,6.05E-05
20030305,0.000119916
20030306,0.00015599
20030307,0.000323244
20030310,0.00011012
20030311,0.000131745
20030312,0.00016367
20030313,0.000232438
20030314,0.000243641
20030317,0.000335708
20030318,0.000179286
20030319,0.000124734
20030320,0.000186592
20030321,0.000201509
20030324,0.000368814
20030325,0.000155715
20030326,0.000118757
20030327,0.000143719
20030328,0.000117924
20030331,0.000226001
20030401,0.00013511
20030402,0.00026556
20030403,8.42E-05
20030404,0.000117904
20030407,0.000365937
20030408,0.00010453
20030409,0.000179037
20030410,6.92E-05
20030411,0.000178902
20030414,8.33E-05
20030415,7.04E-05
20030416,0.000122325
20030417,5.31E-05
20030418,
20030421,8.86E-05
20030422,0.000110899
20030423,6.66E-05
20030424,7.34E-05
20030425,6.67E-05
20030428,7.35E-05
20030429,0.000114999
20030430,0.00011607
20030501,0.0001004
20030502,0.000111084
20030505,7.99E-05
20030506,8.80E-05
20030507,0.000107637
20030508,0.000113339
20030509,6.86E-05
20030512,5.66E-05
20030513,7.18E-05
20030514,8.00E-05
20030515,9.57E-05
20030516,6.40E-05
20030519,9.53E-05
20030520,0.000111948
20030521,9.51E-05
20030522,7.56E-05
20030523,4.40E-05
20030526,
20030527,8.32E-05
20030528,6.84E-05
20030529,9.95E-05
20030530,9.30E-05
20030602,0.000116962
20030603,7.56E-05
20030604,6.74E-05
20030605,0.000112322
20030606,0.000194393
20030609,6.49E-05
20030610,7.27E-05
20030611,6.01E-05
20030612,9.32E-05
20030613,8.41E-05
20030616,7.19E-05
20030617,7.64E-05
20030618,7.57E-05
20030619,7.86E-05
20030620,8.36E-05
20030623,6.10E-05
20030624,5.81E-05
20030625,0.000103951
20030626,5.79E-05
20030627,7.99E-05
20030630,9.80E-05
20030701,0.000115465
20030702,6.12E-05
20030703,0.000115537
20030704,
20030707,0.000113548
20030708,5.52E-05
20030709,8.34E-05
20030710,9.50E-05
20030711,7.23E-05
20030714,0.000133781
20030715,0.000123057
20030716,7.36E-05
20030717,9.19E-05
20030718,8.03E-05
20030721,5.97E-05
20030722,0.000118943
20030723,5.60E-05
20030724,0.000103327
20030725,9.65E-05
20030728,9.04E-05
20030729,0.000135166
20030730,6.09E-05
20030731,0.000212835
20030801,8.96E-05
20030804,0.000121111
20030805,0.000115433
20030806,9.36E-05
20030807,6.05E-05
20030808,5.94E-05
20030811,6.56E-05
20030812,5.31E-05
20030813,4.46E-05
20030814,6.37E-05
20030815,1.65E-05
20030818,3.37E-05
20030819,4.93E-05
20030820,5.26E-05
20030821,8.36E-05
20030822,9.49E-05
20030825,3.05E-05
20030826,8.98E-05
20030827,1.94E-05
20030828,4.93E-05
20030829,3.91E-05
20030901,
20030902,7.56E-05
20030903,5.68E-05
20030904,3.41E-05
20030905,5.91E-05
20030908,3.96E-05
20030909,4.73E-05
20030910,4.81E-05
20030911,5.31E-05
20030912,6.58E-05
20030915,3.01E-05
20030916,3.59E-05
20030917,3.00E-05
20030918,3.34E-05
20030919,2.89E-05
20030922,0.000109599
20030923,4.40E-05
20030924,6.45E-05
20030925,7.71E-05
20030926,9.20E-05
20030929,6.75E-05
20030930,0.000134565
20031001,6.97E-05
20031002,5.46E-05
20031003,0.000207687
20031006,2.71E-05
20031007,7.37E-05
20031008,4.25E-05
20031009,9.31E-05
20031010,2.64E-05
20031013,4.63E-05
20031014,3.26E-05
20031015,
20031016,2.53E-05
20031017,4.36E-05
20031020,3.27E-05
20031021,3.44E-05
20031022,9.28E-05
20031023,6.38E-05
20031024,8.54E-05
20031027,5.09E-05
20031028,4.74E-05
20031029,4.38E-05
20031030,6.47E-05
20031031,3.63E-05
20031103,4.48E-05
20031104,3.39E-05
20031105,5.08E-05
20031106,3.97E-05
20031107,5.15E-05
20031110,2.40E-05
20031111,2.10E-05
20031112,2.44E-05
20031113,3.11E-05
20031114,5.28E-05
20031115,
20031117,7.97E-05
20031118,6.19E-05
20031119,4.03E-05
20031120,8.44E-05
20031121,5.26E-05
20031124,5.48E-05
20031125,3.45E-05
20031126,4.09E-05
20031127,
20031128,7.74E-06
20031201,5.21E-05
20031202,2.74E-05
20031203,4.51E-05
20031204,3.41E-05
20031205,4.62E-05
20031208,2.60E-05
20031209,4.25E-05
20031210,3.47E-05
20031211,3.51E-05
20031212,3.08E-05
20031215,9.28E-05
20031216,3.66E-05
20031217,2.24E-05
20031218,1.98E-05
20031219,3.51E-05
20031222,2.23E-05
20031223,1.91E-05
20031224,9.85E-06
20031225,
20031226,6.44E-06
20031229,2.56E-05
20031230,1.33E-05
20031231,2.37E-05
20040101,
20040102,4.25E-05
20040105,4.89E-05
20040106,1.98E-05
20040107,3.01E-05
20040108,2.87E-05
20040109,6.84E-05
20040112,
20040113,
20040114,2.23E-05
20040115,5.32E-05
20040116,4.13E-05
20040119,
20040120,2.63E-05
20040121,3.51E-05
20040122,3.54E-05
20040123,4.35E-05
20040126,3.09E-05
20040127,3.31E-05
20040128,0.000104877
20040129,8.33E-05
20040130,4.60E-05
20040202,8.28E-05
20040203,3.51E-05
20040204,6.92E-05
20040205,3.82E-05
20040206,4.25E-05
20040209,1.71E-05
20040210,2.65E-05
20040211,5.17E-05
20040212,2.28E-05
20040213,4.42E-05
20040216,
20040217,5.51E-05
20040218,1.97E-05
20040219,6.14E-05
20040220,5.00E-05
20040223,3.52E-05
20040224,5.03E-05
20040225,2.33E-05
20040226,2.31E-05
20040227,3.42E-05
20040301,3.65E-05
20040302,3.87E-05
20040303,2.79E-05
20040304,1.17E-05
20040305,9.52E-05
20040308,2.34E-05
20040309,4.94E-05
20040310,5.45E-05
20040311,0.000126079
20040312,6.72E-05
20040315,8.36E-05
20040316,0.000103379
20040317,3.73E-05
20040318,6.07E-05
20040319,4.08E-05
20040322,0.000110666
20040323,7.37E-05
20040324,8.21E-05
20040325,6.60E-05
20040326,3.28E-05
20040329,6.13E-05
20040330,2.77E-05
20040331,3.97E-05
20040401,2.97E-05
20040402,0.000121027
20040405,1.60E-05
20040406,3.14E-05
20040407,3.67E-05
20040408,8.12E-05
20040409,
20040412,2.37E-05
20040413,4.92E-05
20040414,7.07E-05
20040415,6.20E-05
20040416,3.36E-05
20040417,
20040419,2.04E-05
20040420,4.67E-05
20040421,6.35E-05
20040422,6.06E-05
20040423,3.13E-05
20040426,4.07E-05
20040427,5.03E-05
20040428,5.64E-05
20040429,0.000101387
20040430,8.56E-05
20040503,4.99E-05
20040504,9.05E-05
20040505,4.32E-05
20040506,6.90E-05
20040507,9.77E-05
20040510,0.000149315
20040511,4.58E-05
20040512,0.000133783
20040513,7.64E-05
20040514,9.06E-05
20040517,0.000164326
20040518,4.22E-05
20040519,9.23E-05
20040520,3.83E-05
20040521,5.49E-05
20040524,5.38E-05
20040525,5.40E-05
20040526,3.17E-05
20040527,4.92E-05
20040528,1.80E-05
20040531,
20040601,3.47E-05
20040602,3.06E-05
20040603,3.39E-05
20040604,6.46E-05
20040607,3.48E-05
20040608,2.61E-05
20040609,2.35E-05
20040610,1.49E-05
20040611,
20040614,3.43E-05
20040615,5.81E-05
20040616,1.41E-05
20040617,1.90E-05
20040618,2.88E-05
20040621,1.91E-05
20040622,3.22E-05
20040623,2.20E-05
20040624,1.96E-05
20040625,1.98E-05
20040628,5.40E-05
20040629,1.76E-05
20040630,3.17E-05
20040701,5.35E-05
20040702,3.14E-05
20040705,
20040706,3.22E-05
20040707,2.11E-05
20040708,4.70E-05
20040709,3.99E-05
20040712,3.51E-05
20040713,1.03E-05
20040714,6.25E-05
20040715,2.99E-05
20040716,4.53E-05
20040719,4.24E-05
20040720,3.45E-05
20040721,5.64E-05
20040722,8.34E-05
20040723,5.68E-05
20040726,7.92E-05
20040727,4.76E-05
20040728,7.69E-05
20040729,5.57E-05
20040730,3.45E-05
20040802,3.82E-05
20040803,2.73E-05
20040804,4.81E-05
20040805,5.02E-05
20040806,0.000109492
20040809,2.85E-05
20040810,4.86E-05
20040811,0.00010951
20040812,5.14E-05
20040813,4.65E-05
20040816,4.43E-05
20040817,3.11E-05
20040818,4.49E-05
20040819,3.45E-05
20040820,2.53E-05
20040823,2.08E-05
20040824,3.36E-05
20040825,2.35E-05
20040826,1.49E-05
20040827,1.03E-05
20040830,1.73E-05
20040831,2.81E-05
20040901,5.29E-05
20040902,2.18E-05
20040903,2.69E-05
20040906,
20040907,5.18E-05
20040908,2.15E-05
20040909,2.99E-05
20040910,2.67E-05
20040913,1.37E-05
20040914,1.59E-05
20040915,2.12E-05
20040916,1.23E-05
20040917,2.46E-05
20040920,3.72E-05
20040921,1.79E-05
20040922,5.59E-05
20040923,2.74E-05
20040924,1.95E-05
20040927,2.41E-05
20040928,2.85E-05
20040929,1.94E-05
20040930,2.66E-05
20041001,3.86E-05
20041004,3.65E-05
20041005,1.58E-05
20041006,1.68E-05
20041007,1.76E-05
20041008,2.68E-05
20041009,
20041011,1.36E-05
20041013,5.50E-05
20041014,2.90E-05
20041015,5.61E-05
20041018,3.90E-05
20041019,3.59E-05
20041020,5.60E-05
20041021,5.43E-05
20041022,3.71E-05
20041025,5.08E-05
20041026,3.69E-05
20041027,4.82E-05
20041028,3.72E-05
20041029,2.56E-05
20041101,2.00E-05
20041102,4.72E-05
20041103,0.00018127
20041104,3.77E-05
20041105,4.16E-05
20041108,1.92E-05
20041109,2.09E-05
20041110,2.54E-05
20041111,2.27E-05
20041112,1.80E-05
20041115,2.58E-05
20041116,2.51E-05
20041117,4.60E-05
20041118,1.72E-05
20041119,3.61E-05
20041122,2.26E-05
20041123,3.06E-05
20041124,2.24E-05
20041125,
20041126,7.70E-06
20041129,5.51E-05
20041130,3.62E-05
20041201,3.09E-05
20041202,3.22E-05
20041203,4.72E-05
20041206,2.24E-05
20041207,3.66E-05
20041208,2.71E-05
20041209,4.74E-05
20041210,3.19E-05
20041213,4.16E-05
20041214,1.83E-05
20041215,2.53E-05
20041216,2.99E-05
20041217,4.54E-05
20041220,4.42E-05
20041221,2.47E-05
20041222,1.92E-05
20041223,1.06E-05
20041224,
20041227,2.76E-05
20041228,1.85E-05
20041229,8.62E-06
20041230,5.55E-06
20041231,9.33E-06
20050103,5.15E-05
20050104,5.14E-05
20050105,4.54E-05
20050106,3.77E-05
20050107,4.32E-05
20050110,3.26E-05
20050111,4.06E-05
20050112,5.35E-05
20050113,3.36E-05
20050114,2.77E-05
20050117,
20050118,3.23E-05
20050119,2.24E-05
20050120,5.37E-05
20050121,3.73E-05
20050124,4.62E-05
20050125,3.94E-05
20050126,3.53E-05
20050127,2.86E-05
20050128,3.12E-05
20050131,5.99E-05
20050201,1.38E-05
20050202,2.11E-05
20050203,2.56E-05
20050204,1.77E-05
20050207,1.22E-05
20050208,1.41E-05
20050209,2.73E-05
20050210,2.50E-05
20050211,3.80E-05
20050214,7.70E-06
20050215,1.58E-05
20050216,2.16E-05
20050217,2.59E-05
20050218,1.78E-05
20050221,
20050222,4.79E-05
20050223,3.57E-05
20050224,3.56E-05
20050225,2.55E-05
20050228,3.19E-05
20050301,3.11E-05
20050302,5.12E-05
20050303,3.63E-05
20050304,4.64E-05
20050307,2.07E-05
20050308,2.26E-05
20050309,3.72E-05
20050310,3.43E-05
20050311,3.75E-05
20050314,2.49E-05
20050315,3.02E-05
20050316,3.33E-05
20050317,2.39E-05
20050318,3.51E-05
20050321,3.56E-05
20050322,5.27E-05
20050323,3.84E-05
20050324,2.78E-05
20050325,
20050328,2.74E-05
20050329,4.18E-05
20050330,3.97E-05
20050331,2.70E-05
20050401,8.25E-05
20050404,3.52E-05
20050405,2.96E-05
20050406,2.95E-05
20050407,2.15E-05
20050408,2.03E-05
20050411,2.21E-05
20050412,5.76E-05
20050413,3.46E-05
20050414,5.04E-05
20050415,9.42E-05
20050418,6.81E-05
20050419,4.27E-05
20050420,6.97E-05
20050421,9.97E-05
20050422,7.96E-05
20050425,5.68E-05
20050426,4.48E-05
20050427,6.44E-05
20050428,6.40E-05
20050429,9.15E-05
20050502,2.87E-05
20050503,8.47E-05
20050504,3.74E-05
20050505,5.95E-05
20050506,4.67E-05
20050509,2.22E-05
20050510,6.36E-05
20050511,5.11E-05
20050512,5.63E-05
20050513,8.64E-05
20050516,3.15E-05
20050517,3.92E-05
20050518,4.31E-05
20050519,2.92E-05
20050520,2.17E-05
20050523,2.33E-05
20050524,2.47E-05
20050525,2.28E-05
20050526,2.10E-05
20050527,6.92E-06
20050530,
20050531,2.19E-05
20050601,4.95E-05
20050602,2.03E-05
20050603,2.56E-05
20050604,
20050606,1.18E-05
20050607,4.08E-05
20050608,2.48E-05
20050609,3.82E-05
20050610,2.24E-05
20050613,3.33E-05
20050614,2.19E-05
20050615,3.04E-05
20050616,1.70E-05
20050617,4.40E-05
20050620,2.23E-05
20050621,2.15E-05
20050622,3.32E-05
20050623,3.72E-05
20050624,2.64E-05
20050627,1.95E-05
20050628,1.88E-05
20050629,1.74E-05
20050630,3.05E-05
20050701,3.26E-05
20050704,
20050705,2.81E-05
20050706,2.47E-05
20050707,9.48E-05
20050708,2.50E-05
20050711,2.12E-05
20050712,2.33E-05
20050713,1.62E-05
20050714,4.90E-05
20050715,1.10E-05
20050718,1.82E-05
20050719,3.95E-05
20050720,4.10E-05
20050721,5.49E-05
20050722,2.36E-05
20050725,2.12E-05
20050726,2.17E-05
20050727,1.64E-05
20050728,1.97E-05
20050729,1.92E-05
20050801,2.05E-05
20050802,1.66E-05
20050803,1.47E-05
20050804,2.23E-05
20050805,2.02E-05
20050808,2.69E-05
20050809,2.90E-05
20050810,4.61E-05
20050811,3.39E-05
20050812,2.99E-05
20050815,2.17E-05
20050816,2.79E-05
20050817,3.15E-05
20050818,2.97E-05
20050819,1.99E-05
20050822,3.48E-05
20050823,2.20E-05
20050824,3.84E-05
20050825,1.52E-05
20050826,2.46E-05
20050829,3.05E-05
20050830,4.93E-05
20050831,5.57E-05
20050901,5.26E-05
20050902,2.35E-05
20050905,
20050906,4.00E-05
20050907,1.43E-05
20050908,2.07E-05
20050909,1.74E-05
20050912,1.06E-05
20050913,2.57E-05
20050914,2.23E-05
20050915,3.28E-05
20050916,2.94E-05
20050919,1.80E-05
20050920,3.76E-05
20050921,3.47E-05
20050922,5.48E-05
20050923,2.72E-05
20050926,4.73E-05
20050927,2.98E-05
20050928,3.32E-05
20050929,4.85E-05
20050930,1.72E-05
20051003,2.35E-05
20051004,3.57E-05
20051005,5.82E-05
20051006,0.000105138
20051007,5.18E-05
20051010,4.36E-05
20051011,6.70E-05
20051012,8.39E-05
20051013,7.66E-05
20051014,5.49E-05
20051017,2.69E-05
20051018,3.28E-05
20051019,7.74E-05
20051020,8.55E-05
20051021,7.95E-05
20051024,6.36E-05
20051025,4.92E-05
20051026,6.13E-05
20051027,3.94E-05
20051028,7.39E-05
20051031,4.42E-05
20051101,2.30E-05
20051102,2.72E-05
20051103,4.31E-05
20051104,2.93E-05
20051107,2.53E-05
20051108,2.63E-05
20051109,3.42E-05
20051110,4.48E-05
20051111,5.96E-06
20051114,1.50E-05
20051115,2.50E-05
20051116,2.37E-05
20051117,2.07E-05
20051118,3.62E-05
20051121,1.59E-05
20051122,2.26E-05
20051123,1.39E-05
20051124,
20051125,7.46E-06
20051126,
20051128,1.85E-05
20051129,3.28E-05
20051130,3.02E-05
20051201,4.61E-05
20051202,1.50E-05
20051205,1.80E-05
20051206,3.84E-05
20051207,2.90E-05
20051208,3.75E-05
20051209,2.29E-05
20051212,2.37E-05
20051213,3.91E-05
20051214,2.01E-05
20051215,2.36E-05
20051216,2.18E-05
20051219,2.02E-05
20051220,1.66E-05
20051221,2.81E-05
20051222,1.40E-05
20051223,6.09E-06
20051226,
20051227,2.73E-05
20051228,1.60E-05
20051229,1.47E-05
20051230,2.83E-05
20060102,
20060103,6.86E-05
20060104,2.67E-05
20060105,2.29E-05
20060106,5.02E-05
20060109,1.15E-05
20060110,2.60E-05
20060111,1.68E-05
20060112,1.45E-05
20060113,2.03E-05
20060116,
20060117,3.06E-05
20060118,3.92E-05
20060119,2.37E-05
20060120,4.67E-05
20060123,2.92E-05
20060124,3.18E-05
20060125,5.27E-05
20060126,5.11E-05
20060127,3.39E-05
20060130,1.14E-05
20060131,3.30E-05
20060201,3.23E-05
20060202,4.14E-05
20060203,5.48E-05
20060206,1.71E-05
20060207,4.18E-05
20060208,2.36E-05
20060209,2.37E-05
20060210,4.44E-05
20060213,2.32E-05
20060214,3.59E-05
20060215,3.77E-05
20060216,1.39E-05
20060217,1.28E-05
20060220,
20060221,2.51E-05
20060222,1.82E-05
20060223,2.94E-05
20060224,1.58E-05
20060227,1.54E-05
20060228,3.57E-05
20060301,1.81E-05
20060302,3.41E-05
20060303,4.82E-05
20060306,3.02E-05
20060307,2.78E-05
20060308,3.53E-05
20060309,1.93E-05
20060310,3.46E-05
20060313,2.06E-05
20060314,1.90E-05
20060315,1.67E-05
20060316,2.03E-05
20060317,1.51E-05
20060320,1.80E-05
20060321,3.31E-05
20060322,2.12E-05
20060323,2.24E-05
20060324,2.11E-05
20060327,1.25E-05
20060328,3.29E-05
20060329,2.80E-05
20060330,4.01E-05
20060331,2.10E-05
20060403,2.34E-05
20060404,3.19E-05
20060405,2.40E-05
20060406,2.43E-05
20060407,5.31E-05
20060410,1.87E-05
20060411,4.26E-05
20060412,2.11E-05
20060413,2.61E-05
20060414,
20060417,1.79E-05
20060418,5.62E-05
20060419,3.16E-05
20060420,3.69E-05
20060421,3.29E-05
20060424,2.45E-05
20060425,4.03E-05
20060426,3.76E-05
20060427,0.000113838
20060428,2.76E-05
20060429,
20060501,5.47E-05
20060502,2.76E-05
20060503,2.20E-05
20060504,1.89E-05
20060505,3.57E-05
20060508,7.67E-06
20060509,6.66E-06
20060510,2.84E-05
20060511,3.33E-05
20060512,6.23E-05
20060515,6.00E-05
20060516,2.65E-05
20060517,9.86E-05
20060518,5.56E-05
20060519,0.000100676
20060522,0.00011924
20060523,7.08E-05
20060524,0.00015272
20060525,5.59E-05
20060526,1.93E-05
20060529,
20060530,4.34E-05
20060531,7.30E-05
20060601,3.40E-05
20060602,5.72E-05
20060605,4.73E-05
20060606,0.000102483
20060607,6.12E-05
20060608,0.00018189
20060609,6.60E-05
20060612,5.33E-05
20060613,0.000150091
20060614,7.41E-05
20060615,6.59E-05
20060616,4.93E-05
20060619,6.47E-05
20060620,4.08E-05
20060621,4.41E-05
20060622,3.77E-05
20060623,4.84E-05
20060626,2.43E-05
20060627,3.13E-05
20060628,3.55E-05
20060629,0.000101836
20060630,2.30E-05
20060703,1.32E-05
20060704,
20060705,4.51E-05
20060706,2.64E-05
20060707,4.06E-05
20060710,2.84E-05
20060711,3.87E-05
20060712,3.58E-05
20060713,7.01E-05
20060714,6.97E-05
20060717,4.67E-05
20060718,8.06E-05
20060719,8.50E-05
20060720,3.55E-05
20060721,6.65E-05
20060724,5.49E-05
20060725,5.79E-05
20060726,4.44E-05
20060727,5.80E-05
20060728,5.33E-05
20060731,1.94E-05
20060801,3.02E-05
20060802,4.01E-05
20060803,4.71E-05
20060804,3.72E-05
20060807,2.53E-05
20060808,7.89E-05
20060809,7.92E-05
20060810,4.37E-05
20060811,2.66E-05
20060814,4.63E-05
20060815,9.11E-05
20060816,2.34E-05
20060817,1.91E-05
20060818,1.78E-05
20060821,1.73E-05
20060822,1.90E-05
20060823,1.80E-05
20060824,2.36E-05
20060825,1.87E-05
20060828,1.53E-05
20060829,2.27E-05
20060830,1.48E-05
20060831,8.18E-06
20060901,2.37E-05
20060904,
20060905,1.20E-05
20060906,3.31E-05
20060907,3.26E-05
20060908,1.78E-05
20060911,2.91E-05
20060912,1.97E-05
20060913,1.20E-05
20060914,1.50E-05
20060915,3.09E-05
20060918,1.79E-05
20060919,2.14E-05
20060920,3.39E-05
20060921,3.17E-05
20060922,1.79E-05
20060925,4.45E-05
20060926,3.00E-05
20060927,2.59E-05
20060928,1.83E-05
20060929,1.00E-05
20061002,1.70E-05
20061003,2.66E-05
20061004,2.33E-05
20061005,1.45E-05
20061006,3.58E-05
20061009,9.89E-06
20061010,1.37E-05
20061011,3.05E-05
20061012,1.81E-05
20061013,1.00E-05
20061016,5.20E-06
20061017,2.51E-05
20061018,5.04E-05
20061019,1.74E-05
20061020,1.15E-05
20061023,2.87E-05
20061024,2.35E-05
20061025,2.71E-05
20061026,2.40E-05
20061027,2.97E-05
20061030,1.70E-05
20061031,2.95E-05
20061101,3.22E-05
20061102,1.85E-05
20061103,3.30E-05
20061106,2.48E-05
20061107,1.80E-05
20061108,3.98E-05
20061109,2.40E-05
20061110,1.68E-05
20061113,1.85E-05
20061114,3.54E-05
20061115,1.70E-05
20061116,2.16E-05
20061117,1.97E-05
20061120,1.87E-05
20061121,7.68E-06
20061122,1.24E-05
20061123,
20061124,2.68E-05
20061127,3.42E-05
20061128,4.14E-05
20061129,4.03E-05
20061130,4.44E-05
20061201,6.20E-05
20061204,2.39E-05
20061205,2.03E-05
20061206,1.13E-05
20061207,2.49E-05
20061208,2.51E-05
20061211,8.68E-06
20061212,2.82E-05
20061213,2.07E-05
20061214,2.27E-05
20061215,1.80E-05
20061218,1.52E-05
20061219,3.40E-05
20061220,8.45E-06
20061221,1.87E-05
20061222,2.36E-05
20061225,
20061226,8.65E-06
20061227,1.85E-05
20061228,1.19E-05
20061229,1.84E-05
20070102,
20070103,5.73E-05
20070104,4.99E-05
20070105,4.34E-05
20070108,2.95E-05
20070109,3.39E-05
20070110,3.04E-05
20070111,2.21E-05
20070112,1.52E-05
20070115,
20070116,1.39E-05
20070117,2.11E-05
20070118,2.57E-05
20070119,1.44E-05
20070122,1.70E-05
20070123,1.73E-05
20070124,1.41E-05
20070125,2.16E-05
20070126,3.78E-05
20070129,1.81E-05
20070130,2.23E-05
20070131,3.28E-05
20070201,2.18E-05
20070202,1.29E-05
20070205,1.09E-05
20070206,1.09E-05
20070207,1.34E-05
20070208,2.24E-05
20070209,3.10E-05
20070212,1.17E-05
20070213,1.73E-05
20070214,2.24E-05
20070215,9.61E-06
20070216,8.88E-06
20070219,
20070220,1.52E-05
20070221,2.89E-05
20070222,2.46E-05
20070223,1.64E-05
20070226,2.61E-05
20070227,0.000308113
20070228,0.000136975
20070301,0.00033762
20070302,7.52E-05
20070305,0.000134509
20070306,8.37E-05
20070307,3.76E-05
20070308,6.57E-05
20070309,5.32E-05
20070312,2.24E-05
20070313,9.40E-05
20070314,0.000141806
20070315,4.52E-05
20070316,3.13E-05
20070319,5.26E-05
20070320,1.96E-05
20070321,6.55E-05
20070322,2.27E-05
20070323,2.05E-05
20070326,5.08E-05
20070327,3.74E-05
20070328,5.87E-05
20070329,7.62E-05
20070330,6.83E-05
20070402,2.80E-05
20070403,3.35E-05
20070404,1.33E-05
20070405,7.12E-06
20070406,
20070409,1.23E-05
20070410,1.00E-05
20070411,2.70E-05
20070412,2.30E-05
20070413,1.52E-05
20070416,2.77E-05
20070417,1.54E-05
20070418,1.99E-05
20070419,3.77E-05
20070420,6.37E-05
20070423,1.17E-05
20070424,2.33E-05
20070425,3.51E-05
20070426,1.61E-05
20070427,1.92E-05
20070430,2.27E-05
20070501,3.40E-05
20070502,1.61E-05
20070503,1.77E-05
20070504,2.05E-05
20070507,9.61E-06
20070508,2.28E-05
20070509,2.63E-05
20070510,4.69E-05
20070511,2.72E-05
20070514,2.43E-05
20070515,4.83E-05
20070516,3.64E-05
20070517,1.82E-05
20070518,2.10E-05
20070521,1.44E-05
20070522,1.69E-05
20070523,2.98E-05
20070524,5.28E-05
20070525,2.66E-05
20070528,
20070529,2.57E-05
20070530,4.63E-05
20070531,1.80E-05
20070601,3.27E-05
20070604,1.36E-05
20070605,3.32E-05
20070606,3.76E-05
20070607,7.85E-05
20070608,5.17E-05
20070611,2.87E-05
20070612,6.67E-05
20070613,6.47E-05
20070614,2.23E-05
20070615,4.02E-05
20070618,1.64E-05
20070619,2.19E-05
20070620,5.07E-05
20070621,7.18E-05
20070622,7.53E-05
20070625,8.41E-05
20070626,7.96E-05
20070627,7.48E-05
20070628,5.38E-05
20070629,8.50E-05
20070702,4.18E-05
20070703,1.04E-05
20070704,
20070705,2.01E-05
20070706,1.96E-05
20070709,1.69E-05
20070710,7.77E-05
20070711,4.56E-05
20070712,4.54E-05
20070713,2.22E-05
20070716,1.97E-05
20070717,2.09E-05
20070718,8.35E-05
20070719,3.63E-05
20070720,7.33E-05
20070723,4.41E-05
20070724,0.000110347
20070725,0.000168947
20070726,0.000370811
20070727,0.000204399
20070730,0.000131664
20070731,0.000153593
20070801,0.000313852
20070802,0.000105661
20070803,0.000148773
20070806,0.000239043
20070807,0.000279045
20070808,0.000148235
20070809,0.000411519
20070810,0.000388739
20070813,0.000118917
20070814,0.000137555
20070815,0.000203801
20070816,0.000588057
20070817,0.000502184
20070820,0.000121847
20070821,0.00010661
20070822,0.000127009
20070823,9.65E-05
20070824,4.01E-05
20070827,4.26E-05
20070828,6.17E-05
20070829,0.000111049
20070830,0.000136598
20070831,0.000166814
20070903,
20070904,3.87E-05
20070905,0.000103564
20070906,6.16E-05
20070907,0.000183605
20070910,0.000105812
20070911,7.59E-05
20070912,6.40E-05
20070913,6.45E-05
20070914,6.29E-05
20070917,3.52E-05
20070918,0.000223651
20070919,7.33E-05
20070920,4.13E-05
20070921,4.23E-05
20070924,3.53E-05
20070925,4.52E-05
20070926,3.84E-05
20070927,2.10E-05
20070928,2.68E-05
20071001,2.46E-05
20071002,1.66E-05
20071003,3.09E-05
20071004,1.24E-05
20071005,4.32E-05
20071008,1.48E-05
20071009,3.09E-05
20071010,2.43E-05
20071011,9.22E-05
20071012,3.10E-05
20071015,5.33E-05
20071016,5.35E-05
20071017,8.37E-05
20071018,3.99E-05
20071019,0.000101127
20071022,0.000112981
20071023,6.79E-05
20071024,0.000175217
20071025,0.000121361
20071026,6.93E-05
20071029,3.37E-05
20071030,2.82E-05
20071031,0.000102342
20071101,0.000169725
20071102,0.000182608
20071105,0.000145609
20071106,6.26E-05
20071107,0.000181366
20071108,0.000327792
20071109,0.000233234
20071112,0.000157949
20071113,0.000109183
20071114,0.000120275
20071115,0.000147764
20071116,0.000168107
20071119,0.000124864
20071120,0.000271656
20071121,0.000189748
20071122,
20071123,8.05E-05
20071126,0.000117531
20071127,0.000220627
20071128,0.000121021
20071129,9.70E-05
20071130,0.000131779
20071203,6.41E-05
20071204,6.14E-05
20071205,8.91E-05
20071206,4.28E-05
20071207,3.57E-05
20071210,3.43E-05
20071211,0.000245983
20071212,0.000373925
20071213,0.000127599
20071214,8.68E-05
20071217,8.95E-05
20071218,0.000127191
20071219,0.000108452
20071220,6.44E-05
20071221,7.18E-05
20071224,1.64E-05
20071225,
20071226,2.15E-05
20071227,3.55E-05
20071228,6.04E-05
20071231,3.80E-05
20080101,
20080102,0.000111991
20080103,5.20E-05
20080104,0.000138146
20080107,0.000197098
20080108,0.000198018
20080109,0.000239786
20080110,0.000327495
20080111,0.00019103
20080114,7.25E-05
20080115,0.000142822
20080116,0.000254492
20080117,0.000274707
20080118,0.000370756
20080121,
20080122,0.001285916
20080123,0.001035076
20080124,0.000240772
20080125,0.000278823
20080128,0.000205653
20080129,8.38E-05
20080130,0.000304795
20080131,0.000423482
20080201,0.000149382
20080204,7.19E-05
20080205,0.000274736
20080206,0.000147626
20080207,0.000317678
20080208,0.000151764
20080211,0.000102683
20080212,0.000151021
20080213,0.000104356
20080214,0.000102876
20080215,7.53E-05
20080218,
20080219,0.000125171
20080220,0.000164959
20080221,0.000106431
20080222,0.000171369
20080225,0.000184426
20080226,0.000110185
20080227,0.000111676
20080228,9.90E-05
20080229,0.000137313
20080303,0.000122475
20080304,0.000233463
20080305,0.000176465
20080306,0.000133462
20080307,0.000273373
20080310,0.000156562
20080311,0.000416079
20080312,0.000152753
20080313,0.000389496
20080314,0.000733159
20080317,0.00050164
20080318,0.000468919
20080319,0.000256033
20080320,0.000154815
20080321,
20080324,9.21E-05
20080325,9.71E-05
20080326,9.08E-05
20080327,0.000132898
20080328,7.35E-05
20080331,9.16E-05
20080401,0.000158585
20080402,8.04E-05
20080403,7.59E-05
20080404,7.41E-05
20080407,6.49E-05
20080408,6.31E-05
20080409,5.52E-05
20080410,6.80E-05
20080411,0.000115271
20080414,4.70E-05
20080415,6.00E-05
20080416,0.000105775
20080417,5.41E-05
20080418,0.000176701
20080421,3.15E-05
20080422,5.87E-05
20080423,6.76E-05
20080424,9.99E-05
20080425,8.25E-05
20080428,3.98E-05
20080429,3.43E-05
20080430,9.45E-05
20080501,6.41E-05
20080502,0.00010926
20080505,4.38E-05
20080506,6.23E-05
20080507,7.02E-05
20080508,6.90E-05
20080509,7.15E-05
20080512,3.80E-05
20080513,2.95E-05
20080514,3.57E-05
20080515,4.09E-05
20080516,
20080519,5.47E-05
20080520,5.75E-05
20080521,8.43E-05
20080522,4.32E-05
20080523,6.68E-05
20080526,
20080527,4.84E-05
20080528,5.27E-05
20080529,5.76E-05
20080530,3.23E-05
20080602,5.95E-05
20080603,8.62E-05
20080604,9.10E-05
20080605,7.28E-05
20080606,
20080609,0.000115369
20080610,0.000125509
20080611,8.90E-05
20080612,0.000112028
20080613,0.000126821
20080616,6.49E-05
20080617,6.00E-05
20080618,0.000101023
20080619,9.13E-05
20080620,0.000102563
20080623,5.43E-05
20080624,0.000103954
20080625,0.000126091
20080626,0.000129815
20080627,0.000122445
20080630,8.93E-05
20080701,0.000210059
20080702,0.000115262
20080703,
20080704,
20080707,0.000236126
20080708,0.000175406
20080709,0.000128669
20080710,0.000278679
20080711,0.000708896
20080714,0.000241639
20080715,0.000366882
20080716,0.000181224
20080717,0.000191673
20080718,8.85E-05
20080721,5.34E-05
20080722,0.000109326
20080723,0.0001237
20080724,8.30E-05
20080725,0.000102243
20080728,7.08E-05
20080729,8.82E-05
20080730,0.000148733
20080731,0.000116268
20080801,
20080804,8.27E-05
20080805,9.32E-05
20080806,5.44E-05
20080807,
20080808,9.31E-05
20080811,7.01E-05
20080812,7.98E-05
20080813,
20080814,8.21E-05
20080815,7.07E-05
20080818,8.09E-05
20080819,6.91E-05
20080820,0.000112282
20080821,8.55E-05
20080822,6.72E-05
20080825,8.39E-05
20080826,6.77E-05
20080827,6.51E-05
20080828,
20080829,5.17E-05
20080901,
20080902,0.000140663
20080903,0.00013271
20080904,0.000139078
20080905,0.000158597
20080908,0.00057681
20080909,0.000219724
20080910,0.000196116
20080911,0.000355065
20080912,0.000226835
20080915,0.00084861
20080916,0.001039825
20080917,0.000961087
20080918,0.001573304
20080919,0.001093572
20080922,0.000284179
20080923,0.000444543
20080924,0.000264194
20080925,0.000277264
20080926,0.000379264
20080929,0.001862255
20080930,0.000525862
20081001,0.000446959
20081002,0.000442084
20081003,0.000976195
20081006,0.001770754
20081007,0.001167202
20081008,0.002361584
20081009,0.001915765
20081010,0.009312872
20081013,0.0012667
20081014,0.002459849
20081015,0.001520966
20081016,0.003078563
20081017,0.001862245
20081020,0.000781321
20081021,0.000786066
20081022,0.00142009
20081023,0.002871399
20081024,0.003154122
20081027,0.001651921
20081028,0.002095137
20081029,0.002416565
20081030,0.001260541
20081031,0.000794033
20081103,0.000270801
20081104,0.000465528
20081105,0.000642709
20081106,0.000748456
20081107,0.000742047
20081110,0.00064298
20081111,0.000974574
20081112,0.000678377
20081113,0.002310368
20081114,0.001831077
20081117,0.001296453
20081118,0.001337448
20081119,0.001137567
20081120,0.002821445
20081121,0.002772872
20081124,0.001456636
20081125,0.001231939
20081126,0.000620027
20081127,
20081128,0.000144889
20081201,0.000994592
20081202,0.001528185
20081203,0.001409671
20081204,0.00104036
20081205,0.001543419
20081208,0.000701675
20081209,0.000678295
20081210,0.000503912
20081211,0.000512032
20081212,0.001046629
20081215,0.000449749
20081216,0.00057767
20081217,0.000513052
20081218,0.00040676
20081219,0.0003731
20081222,0.000281236
20081223,0.000256073
20081224,3.73E-05
20081225,
20081226,4.31E-05
20081229,0.000125035
20081230,0.000140671
20081231,0.000182318
20090101,
20090102,0.00016729
20090105,0.000225943
20090106,0.000261205
20090107,0.000231311
20090108,0.000237473
20090109,0.000314209
20090112,0.000189257
20090113,0.000355217
20090114,0.000452431
20090115,0.000596834
20090116,0.000599965
20090119,
20090120,0.000643815
20090121,0.000615122
20090122,0.000895785
20090123,0.000797526
20090126,0.000563372
20090127,0.00039062
20090128,0.000475209
20090129,0.000266774
20090130,0.00039248
20090202,0.000329162
20090203,0.000283157
20090204,0.000254726
20090205,0.000412705
20090206,0.000288069
20090209,0.000222333
20090210,0.000684481
20090211,0.000303534
20090212,0.000616792
20090213,0.00031488
20090216,
20090217,0.000698967
20090218,0.000368293
20090219,0.000331945
20090220,0.000740317
20090223,0.000370546
20090224,0.000496364
20090225,0.0006447
20090226,0.000514791
20090227,0.000803748
20090302,0.000523725
20090303,0.000620766
20090304,0.000568358
20090305,0.000667609
20090306,0.000835002
20090309,0.000640349
20090310,0.000608621
20090311,0.000455197
20090312,0.000349424
20090313,0.000339746
20090316,0.000292615
20090317,0.000367961
20090318,0.000749149
20090319,0.000398821
20090320,0.000294294
20090323,0.000539271
20090324,0.00033995
20090325,0.000628741
20090326,0.000488937
20090327,0.00033671
20090330,0.000458723
20090331,0.000284414
20090401,0.000440525
20090402,0.000460518
20090403,0.00019903
20090406,0.000263809
20090407,0.000365225
20090408,0.000201557
20090409,0.000353786
20090410,
20090413,0.000203627
20090414,0.000283814
20090415,0.000175885
20090416,0.000174891
20090417,0.000141519
20090420,0.000306918
20090421,0.000214611
20090422,0.000337699
20090423,0.000293594
20090424,0.000256088
20090427,0.000241919
20090428,0.000189754
20090429,0.000201033
20090430,0.000247827
20090501,0.000157268
20090504,0.000180639
20090505,0.000122842
20090506,0.000252446
20090507,0.000310761
20090508,0.000265804
20090511,0.000181217
20090512,0.000211901
20090513,0.000262664
20090514,0.000171485
20090515,0.000137031
20090518,0.000150412
20090519,0.000126699
20090520,0.000222241
20090521,0.000240581
20090522,0.000146689
20090525,
20090526,0.000206637
20090527,0.000216936
20090528,0.000328004
20090529,0.000185477
20090601,0.000152521
20090602,0.000125563
20090603,0.000111709
20090604,8.76E-05
20090605,0.00022807
20090608,0.000163766
20090609,8.70E-05
20090610,0.000152019
20090611,0.000163795
20090612,9.41E-05
20090615,0.000175146
20090616,0.000112054
20090617,0.000131593
20090618,9.78E-05
20090619,8.79E-05
20090622,0.000147143
20090623,0.000122574
20090624,0.000136654
20090625,0.000141854
20090626,7.73E-05
20090629,6.02E-05
20090630,0.000102701
20090701,7.35E-05
20090702,0.00020055
20090703,
20090706,0.000116852
20090707,8.96E-05
20090708,0.000176396
20090709,0.000135434
20090710,0.000118552
20090713,0.000131977
20090714,7.65E-05
20090715,8.70E-05
20090716,8.41E-05
20090717,6.23E-05
20090720,9.06E-05
20090721,9.38E-05
20090722,9.82E-05
20090723,0.000101231
20090724,8.47E-05
20090727,8.98E-05
20090728,0.000117602
20090729,0.000124244
20090730,0.000165946
20090731,0.000126581
20090803,0.00012397
20090804,6.91E-05
20090805,9.63E-05
20090806,0.000100475
20090807,0.000128895
20090810,5.36E-05
20090811,6.64E-05
20090812,0.000111098
20090813,9.63E-05
20090814,9.84E-05
20090817,0.000155087
20090818,5.18E-05
20090819,0.000112086
20090820,3.51E-05
20090821,9.53E-05
20090824,6.35E-05
20090825,0.000105943
20090826,8.19E-05
20090827,7.21E-05
20090828,8.66E-05
20090831,6.79E-05
20090901,0.000164218
20090902,7.77E-05
20090903,5.32E-05
20090904,6.04E-05
20090907,
20090908,6.75E-05
20090909,5.37E-05
20090910,5.73E-05
20090911,5.14E-05
20090914,5.54E-05
20090915,6.48E-05
20090916,5.50E-05
20090917,7.81E-05
20090918,4.98E-05
20090921,9.29E-05
20090922,4.87E-05
20090923,9.58E-05
20090924,0.000116704
20090925,9.90E-05
20090928,7.02E-05
20090929,8.01E-05
20090930,0.000157844
20091001,0.000122483
20091002,0.00013371
20091005,8.17E-05
20091006,0.000113264
20091007,6.40E-05
20091008,5.86E-05
20091009,3.00E-05
20091012,4.75E-05
20091013,8.58E-05
20091014,5.66E-05
20091015,3.41E-05
20091016,9.24E-05
20091019,3.98E-05
20091020,6.51E-05
20091021,9.75E-05
20091022,8.08E-05
20091023,0.000128545
20091026,0.000187321
20091027,0.000180599
20091028,0.000114988
20091029,9.35E-05
20091030,0.000226273
20091102,0.00027781
20091103,0.000134697
20091104,0.0001463
20091105,8.69E-05
20091106,0.000100762
20091109,4.05E-05
20091110,4.54E-05
20091111,7.40E-05
20091112,7.22E-05
20091113,6.42E-05
20091116,7.47E-05
20091117,4.79E-05
20091118,5.42E-05
20091119,8.12E-05
20091120,3.79E-05
20091123,9.72E-05
20091124,5.10E-05
20091125,1.56E-05
20091126,
20091127,0.000310625
20091130,6.52E-05
20091201,7.72E-05
20091202,4.71E-05
20091203,7.13E-05
20091204,0.000205449
20091207,4.90E-05
20091208,0.00010197
20091209,6.09E-05
20091210,4.50E-05
20091211,4.53E-05
20091214,3.03E-05
20091215,2.87E-05
20091216,3.59E-05
20091217,4.43E-05
20091218,3.99E-05
20091221,5.47E-05
20091222,2.07E-05
20091223,1.90E-05
20091224,9.56E-06
20091225,
20091228,1.50E-05
20091229,9.30E-06
20091230,2.39E-05
20091231,2.04E-05
20100104,4.99E-05
20100105,2.04E-05
20100106,1.71E-05
20100107,2.96E-05
20100108,2.60E-05
20100111,2.68E-05
20100112,4.56E-05
20100113,3.51E-05
20100114,2.02E-05
20100115,3.24E-05
20100118,
20100119,2.35E-05
20100120,7.88E-05
20100121,0.000163027
20100122,0.000144307
20100125,0.000105598
20100126,9.20E-05
20100127,0.000124031
20100128,0.000140988
20100129,0.000136939
20100201,9.84E-05
20100202,5.97E-05
20100203,5.60E-05
20100204,0.000172133
20100205,0.000239847
20100206,
20100208,9.27E-05
20100209,0.000234986
20100210,9.87E-05
20100211,0.000100341
20100212,0.000163862
20100215,
20100216,4.76E-05
20100217,3.94E-05
20100218,3.14E-05
20100219,4.25E-05
20100222,3.38E-05
20100223,7.78E-05
20100224,6.20E-05
20100225,0.000144961
20100226,4.78E-05
20100301,3.83E-05
20100302,3.35E-05
20100303,3.09E-05
20100304,2.66E-05
20100305,2.90E-05
20100308,1.78E-05
20100309,2.86E-05
20100310,4.68E-05
20100311,2.82E-05
20100312,2.52E-05
20100315,3.47E-05
20100316,3.27E-05
20100317,2.98E-05
20100318,2.30E-05
20100319,3.87E-05
20100322,3.70E-05
20100323,2.71E-05
20100324,4.25E-05
20100325,6.26E-05
20100326,4.83E-05
20100329,2.89E-05
20100330,3.26E-05
20100331,3.46E-05
20100401,5.71E-05
20100402,
20100405,2.08E-05
20100406,1.57E-05
20100407,3.85E-05
20100408,3.29E-05
20100409,2.78E-05
20100412,1.74E-05
20100413,2.48E-05
20100414,1.77E-05
20100415,1.80E-05
20100416,0.000128707
20100419,6.05E-05
20100420,3.67E-05
20100421,4.00E-05
20100422,9.15E-05
20100423,4.63E-05
20100426,3.15E-05
20100427,0.000141379
20100428,0.000106323
20100429,5.31E-05
20100430,9.46E-05
20100503,5.82E-05
20100504,0.000192877
20100505,0.000157366
20100506,0.002793552
20100507,0.000842523
20100510,0.000611078
20100511,0.000155411
20100512,7.49E-05
20100513,9.72E-05
20100514,0.000226028
20100517,0.000202413
20100518,0.000217529
20100519,0.000290985
20100520,0.000517783
20100521,0.000461321
20100524,0.000150736
20100525,0.000486549
20100526,0.000275104
20100527,0.000235906
20100528,0.000220501
20100531,
20100601,0.000221652
20100602,0.000101758
20100603,0.000118916
20100604,0.000275812
20100607,0.00014798
20100608,0.00026297
20100609,0.00015877
20100610,0.000277116
20100611,0.000118976
20100614,0.000101193
20100615,6.95E-05
20100616,7.57E-05
20100617,7.98E-05
20100618,3.52E-05
20100621,0.000103705
20100622,0.000105016
20100623,0.000152895
20100624,0.000134249
20100625,0.000142116
20100628,7.30E-05
20100629,0.000284561
20100630,0.000119772
20100701,0.000264043
20100702,0.000147717
20100705,
20100706,0.000192708
20100707,0.000103218
20100708,0.000107315
20100709,5.22E-05
20100712,6.89E-05
20100713,9.94E-05
20100714,7.28E-05
20100715,0.000115018
20100716,0.000121566
20100719,9.19E-05
20100720,0.000129015
20100721,0.000144566
20100722,0.000169437
20100723,0.000125146
20100726,5.48E-05
20100727,6.41E-05
20100728,5.62E-05
20100729,0.000121268
20100730,0.000139802
20100802,8.35E-05
20100803,4.82E-05
20100804,4.97E-05
20100805,5.14E-05
20100806,9.71E-05
20100809,2.62E-05
20100810,0.000117367
20100811,0.000206138
20100812,7.77E-05
20100813,4.48E-05
20100816,7.37E-05
20100817,6.25E-05
20100818,6.02E-05
20100819,0.000136161
20100820,6.21E-05
20100823,6.95E-05
20100824,0.000141041
20100825,9.75E-05
20100826,0.00010237
20100827,0.00018732
20100830,5.49E-05
20100831,0.000149792
20100901,0.000244351
20100902,3.03E-05
20100903,8.36E-05
20100906,
20100907,6.64E-05
20100908,4.44E-05
20100909,7.98E-05
20100910,2.53E-05
20100913,5.47E-05
20100914,4.52E-05
20100915,4.54E-05
20100916,3.57E-05
20100917,4.24E-05
20100920,3.67E-05
20100921,6.61E-05
20100922,6.29E-05
20100923,7.39E-05
20100924,5.82E-05
20100927,3.19E-05
20100928,7.88E-05
20100929,6.68E-05
20100930,0.000116249
20101001,9.09E-05
20101004,5.33E-05
20101005,7.33E-05
20101006,3.66E-05
20101007,4.67E-05
20101008,3.92E-05
20101011,2.17E-05
20101012,5.50E-05
20101013,3.86E-05
20101014,5.23E-05
20101015,7.42E-05
20101018,2.87E-05
20101019,0.000132105
20101020,6.51E-05
20101021,8.39E-05
20101022,2.36E-05
20101025,5.88E-05
20101026,5.19E-05
20101027,5.75E-05
20101028,5.26E-05
20101029,3.44E-05
20101101,6.27E-05
20101102,2.46E-05
20101103,9.38E-05
20101104,8.05E-05
20101105,3.23E-05
20101108,2.63E-05
20101109,4.57E-05
20101110,5.46E-05
20101111,5.47E-05
20101112,6.17E-05
20101115,4.65E-05
20101116,0.000102997
20101117,3.56E-05
20101118,6.69E-05
20101119,2.64E-05
20101122,7.79E-05
20101123,8.42E-05
20101124,5.83E-05
20101125,
20101126,3.76E-05
20101129,0.00010933
20101130,7.94E-05
20101201,0.000100531
20101202,2.51E-05
20101203,2.43E-05
20101206,1.67E-05
20101207,6.31E-05
20101208,3.47E-05
20101209,3.01E-05
20101210,1.23E-05
20101213,1.90E-05
20101214,1.96E-05
20101215,3.03E-05
20101216,2.60E-05
20101217,1.04E-05
20101220,1.52E-05
20101221,6.61E-06
20101222,5.60E-06
20101223,6.44E-06
20101224,
20101227,9.50E-06
20101228,4.84E-06
20101229,4.90E-06
20101230,7.98E-06
20101231,1.14E-05
20110103,5.34E-05
20110104,1.96E-05
20110105,1.97E-05
20110106,2.90E-05
20110107,4.23E-05
20110110,4.50E-05
20110111,2.87E-05
20110112,2.30E-05
20110113,1.70E-05
20110114,1.86E-05
20110117,
20110118,1.54E-05
20110119,2.78E-05
20110120,4.97E-05
20110121,3.25E-05
20110124,2.09E-05
20110125,4.47E-05
20110126,2.74E-05
20110127,1.96E-05
20110128,6.78E-05
20110131,3.02E-05
20110201,3.32E-05
20110202,2.09E-05
20110203,3.31E-05
20110204,2.86E-05
20110207,1.77E-05
20110208,1.48E-05
20110209,2.32E-05
20110210,4.29E-05
20110211,2.36E-05
20110214,1.05E-05
20110215,2.32E-05
20110216,2.95E-05
20110217,1.07E-05
20110218,1.37E-05
20110221,
20110222,0.00011575
20110223,8.82E-05
20110224,8.12E-05
20110225,3.27E-05
20110228,2.84E-05
20110301,7.06E-05
20110302,5.29E-05
20110303,7.05E-05
20110304,6.22E-05
20110307,7.19E-05
20110308,5.63E-05
20110309,6.60E-05
20110310,0.000179104
20110311,5.19E-05
20110314,7.13E-05
20110315,0.000393541
20110316,0.000233725
20110317,0.00013021
20110318,0.000106864
20110321,8.44E-05
20110322,2.38E-05
20110323,4.66E-05
20110324,3.11E-05
20110325,2.03E-05
20110328,1.66E-05
20110329,2.05E-05
20110330,1.97E-05
20110331,1.70E-05
20110401,2.53E-05
20110404,1.62E-05
20110405,2.06E-05
20110406,1.76E-05
20110407,6.32E-05
20110408,3.16E-05
20110411,3.10E-05
20110412,5.82E-05
20110413,4.65E-05
20110414,3.62E-05
20110415,2.85E-05
20110418,0.000105639
20110419,2.22E-05
20110420,5.54E-05
20110421,1.39E-05
20110422,
20110425,1.45E-05
20110426,1.75E-05
20110427,2.48E-05
20110428,1.56E-05
20110429,8.31E-06
20110502,2.75E-05
20110503,3.61E-05
20110504,5.99E-05
20110505,0.000107225
20110506,0.000127975
20110509,3.32E-05
20110510,1.80E-05
20110511,5.18E-05
20110512,5.32E-05
20110513,5.26E-05
20110516,4.98E-05
20110517,7.16E-05
20110518,3.08E-05
20110519,3.81E-05
20110520,4.12E-05
20110523,0.000135014
20110524,3.16E-05
20110525,3.94E-05
20110526,4.36E-05
20110527,2.84E-05
20110530,
20110531,7.72E-05
20110601,6.14E-05
20110602,6.88E-05
20110603,0.000117262
20110606,4.20E-05
20110607,4.26E-05
20110608,6.38E-05
20110609,3.05E-05
20110610,7.73E-05
20110613,5.32E-05
20110614,7.78E-05
20110615,0.000120679
20110616,8.87E-05
20110617,9.58E-05
20110620,4.11E-05
20110621,3.26E-05
20110622,4.00E-05
20110623,0.000240379
20110624,6.33E-05
20110627,4.25E-05
20110628,3.41E-05
20110629,4.92E-05
20110630,4.14E-05
20110701,4.57E-05
20110704,
20110705,3.30E-05
20110706,3.11E-05
20110707,7.07E-05
20110708,0.00011349
20110711,0.000115789
20110712,7.48E-05
20110713,8.44E-05
20110714,9.88E-05
20110715,8.69E-05
20110718,6.76E-05
20110719,6.32E-05
20110720,2.78E-05
20110721,7.51E-05
20110722,2.41E-05
20110725,7.21E-05
20110726,3.17E-05
20110727,9.35E-05
20110728,5.26E-05
20110729,0.000177642
20110801,0.00024005
20110802,0.000119879
20110803,0.000240887
20110804,0.000394206
20110805,0.001068625
20110808,0.001003222
20110809,0.001546668
20110810,0.001272641
20110811,0.000574361
20110812,0.00033263
20110815,0.000138481
20110816,0.000236991
20110817,0.000141462
20110818,0.000865134
20110819,0.000370098
20110822,0.000387645
20110823,0.000219861
20110824,0.000181355
20110825,0.000339513
20110826,0.000426321
20110829,0.000164429
20110830,0.000188694
20110831,0.000170053
20110901,0.000237191
20110902,0.000294975
20110905,
20110906,0.000567803
20110907,0.00015578
20110908,0.000174971
20110909,0.000321722
20110912,0.000307045
20110913,0.000199578
20110914,0.00024604
20110915,0.000128571
20110916,0.000109203
20110919,0.000282388
20110920,0.000135919
20110921,0.000301122
20110922,0.000778884
20110923,0.000282342
20110926,0.000263511
20110927,0.000358913
20110928,0.000217632
20110929,0.000455517
20110930,0.000414693
20111003,0.000475183
20111004,0.000750572
20111005,0.000256284
20111006,0.000200323
20111007,0.000225103
20111010,0.000259508
20111011,0.000105452
20111012,0.000125369
20111013,0.000148746
20111014,0.000154529
20111017,0.000100951
20111018,0.000237616
20111019,0.000135865
20111020,0.000180578
20111021,0.000152316
20111024,6.07E-05
20111025,0.000205127
20111026,0.000242072
20111027,0.000401907
20111028,6.81E-05
20111031,0.000160818
20111101,0.000741089
20111102,0.000263736
20111103,0.000189528
20111104,0.000127872
20111107,9.78E-05
20111108,0.000116121
20111109,0.000435705
20111110,0.000229206
20111111,0.000144705
20111114,8.20E-05
20111115,9.93E-05
20111116,0.000176521
20111117,0.000209732
20111118,9.95E-05
20111121,0.000228045
20111122,0.000127554
20111123,0.000174593
20111124,
20111125,6.90E-05
20111128,0.000501731
20111129,8.64E-05
20111130,0.000464607
20111201,5.94E-05
20111202,0.000103391
20111205,0.000181349
20111206,6.27E-05
20111207,0.000115508
20111208,0.00015509
20111209,9.82E-05
20111212,0.000147002
20111213,0.000151313
20111214,0.000127641
20111215,0.000116293
20111216,9.95E-05
20111219,7.90E-05
20111220,0.000209935
20111221,7.08E-05
20111222,3.25E-05
20111223,1.81E-05
20111226,
20111227,2.07E-05
20111228,4.05E-05
20111229,2.60E-05
20111230,1.47E-05
20120102,
20120103,0.000173616
20120104,3.36E-05
20120105,6.91E-05
20120106,3.95E-05
20120107,
20120109,2.22E-05
20120110,8.07E-05
20120111,3.55E-05
20120112,3.60E-05
20120113,8.65E-05
20120116,
20120117,6.88E-05
20120118,3.14E-05
20120119,2.70E-05
20120120,1.54E-05
20120123,2.95E-05
20120124,4.43E-05
20120125,5.76E-05
20120126,4.55E-05
20120127,4.00E-05
20120130,8.82E-05
20120131,6.45E-05
20120201,7.16E-05
20120202,2.09E-05
20120203,6.10E-05
20120206,2.40E-05
20120207,2.35E-05
20120208,2.13E-05
20120209,3.33E-05
20120210,7.23E-05
20120213,4.36E-05
20120214,3.46E-05
20120215,4.90E-05
20120216,2.88E-05
20120217,1.97E-05
20120220,
20120221,3.09E-05
20120222,2.53E-05
20120223,1.71E-05
20120224,1.52E-05
20120227,4.62E-05
20120228,2.62E-05
20120229,4.13E-05
20120301,4.92E-05
20120302,2.19E-05
20120303,
20120305,3.07E-05
20120306,9.10E-05
20120307,2.38E-05
20120308,4.88E-05
20120309,1.90E-05
20120312,2.02E-05
20120313,4.14E-05
20120314,2.11E-05
20120315,2.26E-05
20120316,1.34E-05
20120319,1.68E-05
20120320,4.61E-05
20120321,2.12E-05
20120322,5.11E-05
20120323,1.86E-05
20120326,4.86E-05
20120327,1.50E-05
20120328,3.62E-05
20120329,5.73E-05
20120330,3.03E-05
20120402,2.48E-05
20120403,4.37E-05
20120404,7.42E-05
20120405,2.83E-05
20120406,
20120409,0.000105983
20120410,6.15E-05
20120411,7.42E-05
20120412,2.29E-05
20120413,4.34E-05
20120416,7.43E-05
20120417,5.48E-05
20120418,4.50E-05
20120419,7.44E-05
20120420,3.45E-05
20120423,0.000115622
20120424,3.19E-05
20120425,7.51E-05
20120426,2.17E-05
20120427,2.52E-05
20120430,1.94E-05
20120501,3.92E-05
20120502,4.17E-05
20120503,3.40E-05
20120504,4.71E-05
20120507,3.96E-05
20120508,7.02E-05
20120509,0.000159317
20120510,7.67E-05
20120511,6.81E-05
20120514,8.85E-05
20120515,7.11E-05
20120516,9.58E-05
20120517,9.06E-05
20120518,9.85E-05
20120521,5.14E-05
20120522,7.05E-05
20120523,0.000111202
20120524,8.98E-05
20120525,4.01E-05
20120528,
20120529,7.20E-05
20120530,0.000100377
20120531,9.02E-05
20120601,0.000171004
20120604,8.34E-05
20120605,5.81E-05
20120606,7.84E-05
20120607,0.000118037
20120608,4.91E-05
20120611,9.31E-05
20120612,7.68E-05
20120613,6.79E-05
20120614,9.44E-05
20120615,3.27E-05
20120618,6.49E-05
20120619,4.46E-05
20120620,8.58E-05
20120621,6.17E-05
20120622,4.12E-05
20120625,0.000125443
20120626,5.56E-05
20120627,4.08E-05
20120628,0.000106529
20120629,0.000146898
20120702,5.34E-05
20120703,1.17E-05
20120704,
20120705,3.58E-05
20120706,7.38E-05
20120709,2.90E-05
20120710,6.63E-05
20120711,5.59E-05
20120712,7.48E-05
20120713,3.92E-05
20120716,2.65E-05
20120717,6.67E-05
20120718,3.51E-05
20120719,3.74E-05
20120720,4.86E-05
20120723,0.000161767
20120724,7.07E-05
20120725,5.09E-05
20120726,0.000158885
20120727,7.12E-05
20120730,3.63E-05
20120731,3.17E-05
20120801,6.26E-05
20120802,0.000119681
20120803,0.00012468
20120806,1.74E-05
20120807,2.11E-05
20120808,2.24E-05
20120809,1.74E-05
20120810,2.85E-05
20120813,1.89E-05
20120814,2.72E-05
20120815,1.20E-05
20120816,1.46E-05
20120817,8.04E-06
20120820,1.29E-05
20120821,2.69E-05
20120822,3.50E-05
20120823,3.52E-05
20120824,2.66E-05
20120827,1.50E-05
20120828,2.72E-05
20120829,1.23E-05
20120830,3.87E-05
20120831,9.29E-05
20120903,
20120904,3.06E-05
20120905,2.27E-05
20120906,5.42E-05
20120907,1.63E-05
20120910,1.12E-05
20120911,1.38E-05
20120912,2.31E-05
20120913,8.68E-05
20120914,3.69E-05
20120917,1.64E-05
20120918,1.82E-05
20120919,1.81E-05
20120920,3.67E-05
20120921,2.12E-05
20120924,2.87E-05
20120925,3.52E-05
20120926,3.26E-05
20120927,3.68E-05
20120928,4.45E-05
20121001,7.36E-05
20121002,5.12E-05
20121003,3.15E-05
20121004,3.43E-05
20121005,3.18E-05
20121008,2.46E-05
20121009,3.18E-05
20121010,3.09E-05
20121011,4.59E-05
20121012,3.40E-05
20121015,2.94E-05
20121016,2.75E-05
20121017,1.39E-05
20121018,3.41E-05
20121019,4.60E-05
20121022,4.65E-05
20121023,0.000113831
20121024,4.73E-05
20121025,8.36E-05
20121026,5.52E-05
20121029,
20121030,
20121031,4.41E-05
20121101,2.86E-05
20121102,4.38E-05
20121105,2.64E-05
20121106,3.34E-05
20121107,0.000171245
20121108,7.07E-05
20121109,9.00E-05
20121112,1.86E-05
20121113,7.90E-05
20121114,6.88E-05
20121115,7.74E-05
20121116,9.94E-05
20121119,8.76E-05
20121120,5.14E-05
20121121,1.48E-05
20121122,
20121123,2.17E-05
20121126,3.90E-05
20121127,4.24E-05
20121128,7.87E-05
20121129,6.77E-05
20121130,3.00E-05
20121203,4.34E-05
20121204,3.50E-05
20121205,5.10E-05
20121206,3.02E-05
20121207,3.41E-05
20121210,1.68E-05
20121211,2.75E-05
20121212,3.01E-05
20121213,3.31E-05
20121214,2.60E-05
20121217,2.76E-05
20121218,2.67E-05
20121219,2.31E-05
20121220,3.06E-05
20121221,0.000103341
20121224,1.02E-05
20121225,
20121226,2.33E-05
20121227,8.19E-05
20121228,6.19E-05
20121231,0.000103625
20130101,
20130102,0.000196093
20130103,2.52E-05
20130104,1.67E-05
20130107,2.48E-05
20130108,2.18E-05
20130109,1.97E-05
20130110,2.51E-05
20130111,1.06E-05
20130114,1.37E-05
20130115,2.10E-05
20130116,1.16E-05
20130117,1.68E-05
20130118,1.36E-05
20130121,
20130122,1.26E-05
20130123,7.38E-06
20130124,2.29E-05
20130125,2.57E-05
20130128,1.26E-05
20130129,1.53E-05
20130130,1.85E-05
20130131,2.59E-05
20130201,3.65E-05
20130204,4.26E-05
20130205,3.02E-05
20130206,2.36E-05
20130207,3.37E-05
20130208,1.36E-05
20130211,8.87E-06
20130212,7.16E-06
20130213,1.43E-05
20130214,1.93E-05
20130215,1.63E-05
20130218,
20130219,1.24E-05
20130220,2.86E-05
20130221,4.35E-05
20130222,3.08E-05
20130225,7.53E-05
20130226,6.80E-05
20130227,2.99E-05
20130228,3.05E-05
20130301,6.85E-05
20130304,2.67E-05
20130305,3.89E-05
20130306,2.12E-05
20130307,1.27E-05
20130308,2.10E-05
20130311,9.07E-06
20130312,1.74E-05
20130313,1.46E-05
20130314,1.03E-05
20130315,1.47E-05
20130318,7.94E-05
20130319,6.11E-05
20130320,4.16E-05
20130321,4.03E-05
20130322,2.42E-05
20130325,5.07E-05
20130326,2.70E-05
20130327,3.83E-05
20130328,1.35E-05
20130329,
20130401,2.39E-05
20130402,2.08E-05
20130403,3.19E-05
20130404,2.93E-05
20130405,0.000120508
20130408,1.68E-05
20130409,2.15E-05
20130410,2.65E-05
20130411,1.86E-05
20130412,3.02E-05
20130415,0.000100856
20130416,5.85E-05
20130417,9.75E-05
20130418,6.44E-05
20130419,3.93E-05
20130422,3.47E-05
20130423,7.45E-05
20130424,1.89E-05
20130425,2.00E-05
20130426,1.82E-05
20130429,1.85E-05
20130430,1.90E-05
20130501,3.15E-05
20130502,1.75E-05
20130503,5.52E-05
20130506,7.38E-06
20130507,1.37E-05
20130508,9.86E-06
20130509,2.49E-05
20130510,2.54E-05
20130511,
20130513,1.43E-05
20130514,1.59E-05
20130515,2.48E-05
20130516,2.61E-05
20130517,2.28E-05
20130520,1.91E-05
20130521,2.75E-05
20130522,9.49E-05
20130523,0.000100301
20130524,3.72E-05
20130527,
20130528,8.73E-05
20130529,7.38E-05
20130530,2.68E-05
20130531,5.68E-05
20130603,8.08E-05
20130604,6.57E-05
20130605,7.02E-05
20130606,8.58E-05
20130607,5.21E-05
20130610,3.25E-05
20130611,9.61E-05
20130612,8.02E-05
20130613,4.27E-05
20130614,5.08E-05
20130617,6.59E-05
20130618,1.98E-05
20130619,9.85E-05
20130620,0.000132499
20130621,0.000128437
20130624,0.000174419
20130625,9.07E-05
20130626,6.50E-05
20130627,4.05E-05
20130628,4.75E-05
20130701,4.76E-05
20130702,4.04E-05
20130703,3.79E-05
20130704,
20130705,6.55E-05
20130708,3.26E-05
20130709,2.33E-05
20130710,3.67E-05
20130711,5.44E-05
20130712,1.14E-05
20130715,6.90E-06
20130716,1.30E-05
20130717,2.17E-05
20130718,1.37E-05
20130719,1.12E-05
20130722,9.73E-06
20130723,9.60E-06
20130724,2.27E-05
20130725,2.23E-05
20130726,2.49E-05
20130729,1.60E-05
20130730,2.08E-05
20130731,4.15E-05
20130801,4.29E-05
20130802,1.04E-05
20130805,8.74E-06
20130806,1.52E-05
20130807,2.40E-05
20130808,2.15E-05
20130809,2.52E-05
20130812,1.83E-05
20130813,2.19E-05
20130814,2.35E-05
20130815,5.98E-05
20130816,2.69E-05
20130819,2.08E-05
20130820,1.69E-05
20130821,5.78E-05
20130822,1.57E-05
20130823,1.76E-05
20130826,2.10E-05
20130827,6.69E-05
20130828,2.57E-05
20130829,2.31E-05
20130830,4.57E-05
20130902,
20130903,8.30E-05
20130904,1.99E-05
20130905,1.56E-05
20130906,7.49E-05
20130909,1.90E-05
20130910,1.75E-05
20130911,1.08E-05
20130912,1.24E-05
20130913,8.73E-06
20130916,5.00E-05
20130917,6.07E-06
20130918,9.65E-05
20130919,1.60E-05
20130920,1.87E-05
20130923,1.89E-05
20130924,2.08E-05
20130925,3.91E-05
20130926,2.70E-05
20130927,2.48E-05
20130930,6.57E-05
20131001,2.80E-05
20131002,3.69E-05
20131003,5.39E-05
20131004,1.96E-05
20131007,6.48E-05
20131008,5.29E-05
20131009,5.32E-05
20131010,6.67E-05
20131011,2.17E-05
20131014,4.26E-05
20131015,5.73E-05
20131016,4.34E-05
20131017,2.14E-05
20131018,1.28E-05
20131021,9.24E-06
20131022,2.83E-05
20131023,3.04E-05
20131024,1.42E-05
20131025,1.26E-05
20131028,1.06E-05
20131029,1.20E-05
20131030,4.44E-05
20131031,2.95E-05
20131101,2.81E-05
20131104,1.29E-05
20131105,1.98E-05
20131106,1.87E-05
20131107,4.36E-05
20131108,3.02E-05
20131111,8.11E-06
20131112,2.44E-05
20131113,1.84E-05
20131114,1.65E-05
20131115,7.73E-06
20131118,2.02E-05
20131119,3.00E-05
20131120,3.84E-05
20131121,1.58E-05
20131122,6.40E-06
20131125,7.25E-06
20131126,1.05E-05
20131127,6.54E-06
20131128,
20131129,9.67E-06
20131202,1.62E-05
20131203,1.41E-05
20131204,5.12E-05
20131205,2.87E-05
20131206,4.81E-05
20131209,1.05E-05
20131210,9.24E-06
20131211,2.74E-05
20131212,2.68E-05
20131213,2.06E-05
20131216,3.43E-05
20131217,1.87E-05
20131218,0.000106052
20131219,1.74E-05
20131220,1.25E-05
20131223,1.09E-05
20131224,2.35E-06
20131225,
20131226,4.86E-06
20131227,5.86E-06
20131230,3.46E-06
20131231,8.86E-06
20140101,
20140102,2.80E-05
20140103,1.49E-05
20140106,3.19E-05
20140107,1.46E-05
20140108,2.45E-05
20140109,2.10E-05
20140110,2.22E-05
20140113,2.61E-05
20140114,2.79E-05
20140115,9.37E-06
20140116,1.31E-05
20140117,1.36E-05
20140120,
20140121,3.69E-05
20140122,1.05E-05
20140123,5.00E-05
20140124,6.76E-05
20140127,7.31E-05
20140128,3.20E-05
20140129,0.000104747
20140130,4.49E-05
20140131,0.000102904
20140203,8.38E-05
20140204,6.40E-05
20140205,7.95E-05
20140206,2.75E-05
20140207,3.91E-05
20140210,1.24E-05
20140211,1.72E-05
20140212,1.89E-05
20140213,2.22E-05
20140214,1.51E-05
20140217,
20140218,1.38E-05
20140219,3.58E-05
20140220,2.87E-05
20140221,1.63E-05
20140224,2.54E-05
20140225,3.13E-05
20140226,3.33E-05
20140227,2.90E-05
20140228,3.53E-05
20140303,7.79E-05
20140304,7.03E-05
20140305,1.68E-05
20140306,1.30E-05
20140307,3.81E-05
20140310,2.35E-05
20140311,2.89E-05
20140312,3.80E-05
20140313,4.42E-05
20140314,4.58E-05
20140317,4.16E-05
20140318,1.91E-05
20140319,6.00E-05
20140320,2.57E-05
20140321,4.13E-05
20140324,4.75E-05
20140325,5.40E-05
20140326,4.53E-05
20140327,5.56E-05
20140328,3.18E-05
20140331,3.78E-05
20140401,1.74E-05
20140402,1.23E-05
20140403,1.49E-05
20140404,5.50E-05
20140407,4.67E-05
20140408,4.34E-05
20140409,2.66E-05
20140410,5.86E-05
20140411,8.04E-05
20140414,6.18E-05
20140415,9.56E-05
20140416,5.14E-05
20140417,2.24E-05
20140418,
20140421,1.14E-05
20140422,9.25E-06
20140423,1.32E-05
20140424,3.00E-05
20140425,3.00E-05
20140428,6.45E-05
20140429,2.63E-05
20140430,2.08E-05
20140501,2.35E-05
20140502,3.13E-05
20140505,3.49E-05
20140506,2.29E-05
20140507,6.31E-05
20140508,3.10E-05
20140509,2.90E-05
20140512,1.86E-05
20140513,1.07E-05
20140514,1.40E-05
20140515,4.81E-05
20140516,2.36E-05
20140519,1.62E-05
20140520,2.49E-05
20140521,2.30E-05
20140522,1.11E-05
20140523,3.44E-06
20140526,
20140527,1.24E-05
20140528,1.10E-05
20140529,9.86E-06
20140530,8.21E-06
20140602,1.21E-05
20140603,1.03E-05
20140604,8.01E-06
20140605,1.66E-05
20140606,5.37E-06
20140609,8.11E-06
20140610,8.12E-06
20140611,1.53E-05
20140612,1.76E-05
20140613,1.70E-05
20140616,1.80E-05
20140617,1.40E-05
20140618,2.27E-05
20140619,8.77E-06
20140620,5.30E-06
20140623,7.35E-06
20140624,1.89E-05
20140625,1.53E-05
20140626,2.19E-05
20140627,1.07E-05
20140630,8.33E-06
20140701,1.27E-05
20140702,6.28E-06
20140703,8.37E-06
20140704,
20140707,1.14E-05
20140708,2.33E-05
20140709,1.92E-05
20140710,4.20E-05
20140711,1.18E-05
20140714,1.30E-05
20140715,3.02E-05
20140716,1.50E-05
20140717,3.79E-05
20140718,1.54E-05
20140721,1.70E-05
20140722,1.23E-05
20140723,8.35E-06
20140724,7.61E-06
20140725,1.51E-05
20140728,1.73E-05
20140729,2.32E-05
20140730,4.06E-05
20140731,6.14E-05
20140801,6.10E-05
20140804,2.30E-05
20140805,6.70E-05
20140806,3.60E-05
20140807,4.90E-05
20140808,3.20E-05
20140811,1.50E-05
20140812,2.35E-05
20140813,2.03E-05
20140814,6.47E-06
20140815,5.90E-05
20140818,1.47E-05
20140819,5.93E-06
20140820,9.89E-06
20140821,6.84E-06
20140822,1.77E-05
20140825,1.14E-05
20140826,6.00E-06
20140827,6.19E-06
20140828,1.09E-05
20140829,7.79E-06
20140901,
20140902,1.27E-05
20140903,1.32E-05
20140904,1.60E-05
20140905,2.28E-05
20140908,1.34E-05
20140909,2.90E-05
20140910,2.38E-05
20140911,2.16E-05
20140912,2.18E-05
20140915,1.78E-05
20140916,1.93E-05
20140917,3.96E-05
20140918,1.24E-05
20140919,2.00E-05
20140922,2.06E-05
20140923,2.54E-05
20140924,1.82E-05
20140925,4.56E-05
20140926,3.41E-05
20140929,6.97E-05
20140930,4.09E-05
20141001,5.18E-05
20141002,5.22E-05
20141003,4.42E-05
20141006,4.33E-05
20141007,7.01E-05
20141008,7.94E-05
20141009,0.000112213
20141010,0.000113608
20141013,0.000128554
20141014,0.000135977
20141015,0.000448281
20141016,0.000318717
20141017,0.000114561
20141020,4.53E-05
20141021,3.71E-05
20141022,4.99E-05
20141023,7.05E-05
20141024,3.88E-05
20141027,4.45E-05
20141028,2.29E-05
20141029,6.35E-05
20141030,4.26E-05
20141031,3.56E-05
20141103,1.92E-05
20141104,2.72E-05
20141105,2.95E-05
20141106,1.77E-05
20141107,1.67E-05
20141110,8.11E-06
20141111,7.60E-06
20141112,1.54E-05
20141113,2.58E-05
20141114,1.18E-05
20141117,1.60E-05
20141118,8.04E-06
20141119,2.27E-05
20141120,1.32E-05
20141121,3.06E-05
20141124,8.10E-06
20141125,1.08E-05
20141126,3.74E-06
20141127,
20141128,8.68E-06
20141201,3.15E-05
20141202,1.29E-05
20141203,7.74E-06
20141204,2.07E-05
20141205,1.18E-05
20141208,2.91E-05
20141209,7.33E-05
20141210,5.98E-05
20141211,5.86E-05
20141212,7.50E-05
20141215,0.000153282
20141216,0.000150289
20141217,0.000165773
20141218,7.22E-05
20141219,3.15E-05
20141222,1.54E-05
20141223,1.05E-05
20141224,4.56E-06
20141225,
20141226,5.35E-06
20141229,5.81E-06
20141230,1.05E-05
20141231,2.99E-05
20150101,
20150102,6.22E-05
20150105,6.78E-05
20150106,9.08E-05
20150107,7.38E-05
20150108,3.74E-05
20150109,6.56E-05
20150112,7.04E-05
20150113,0.000118865
20150114,0.000128225
20150115,0.000122519
20150116,6.94E-05
20150119,
20150120,7.29E-05
20150121,8.50E-05
20150122,8.28E-05
20150123,3.19E-05
20150126,2.97E-05
20150127,8.83E-05
20150128,9.29E-05
20150129,8.78E-05
20150130,0.000111873
20150202,0.000129106
20150203,6.67E-05
20150204,6.10E-05
20150205,2.73E-05
20150206,5.03E-05
20150209,3.59E-05
20150210,3.17E-05
20150211,3.39E-05
20150212,1.76E-05
20150213,1.27E-05
20150216,
20150217,1.28E-05
20150218,1.81E-05
20150219,1.57E-05
20150220,3.32E-05
20150223,1.15E-05
20150224,1.39E-05
20150225,9.06E-06
20150226,1.70E-05
20150227,1.32E-05
20150228,
20150302,8.37E-06
20150303,2.25E-05
20150304,3.12E-05
20150305,1.34E-05
20150306,4.84E-05
20150309,1.73E-05
20150310,5.21E-05
20150311,2.84E-05
20150312,2.29E-05
20150313,4.88E-05
20150316,2.41E-05
20150317,3.15E-05
20150318,8.76E-05
20150319,2.84E-05
20150320,2.21E-05
20150323,1.15E-05
20150324,2.26E-05
20150325,4.25E-05
20150326,6.88E-05
20150327,3.23E-05
20150330,3.01E-05
20150331,3.89E-05
20150401,5.28E-05
20150402,2.42E-05
20150403,
20150406,2.96E-05
20150407,1.61E-05
20150408,4.46E-05
20150409,3.18E-05
20150410,8.27E-06
20150413,1.26E-05
20150414,2.47E-05
20150415,1.59E-05
20150416,1.59E-05
20150417,4.84E-05
20150420,2.60E-05
20150421,2.63E-05
20150422,2.40E-05
20150423,2.08E-05
20150424,1.35E-05
20150427,2.15E-05
20150428,2.68E-05
20150429,4.84E-05
20150430,5.44E-05
20150501,3.57E-05
20150504,1.27E-05
20150505,3.31E-05
20150506,5.75E-05
20150507,3.42E-05
20150508,3.56E-05
20150511,1.77E-05
20150512,5.27E-05
20150513,3.00E-05
20150514,2.08E-05
20150515,1.09E-05
20150518,6.41E-06
20150519,1.20E-05
20150520,1.92E-05
20150521,9.54E-06
20150522,9.47E-06
20150525,
20150526,2.67E-05
20150527,1.69E-05
20150528,1.86E-05
20150529,2.81E-05
20150601,3.88E-05
20150602,2.94E-05
20150603,2.65E-05
20150604,4.56E-05
20150605,3.20E-05
20150608,2.23E-05
20150609,2.47E-05
20150610,2.73E-05
20150611,1.69E-05
20150612,2.59E-05
20150615,5.44E-05
20150616,1.91E-05
20150617,3.85E-05
20150618,2.61E-05
20150619,1.00E-05
20150622,2.61E-05
20150623,1.13E-05
20150624,1.57E-05
20150625,1.88E-05
20150626,2.22E-05
20150629,6.31E-05
20150630,6.42E-05
20150701,3.82E-05
20150702,2.26E-05
20150703,
20150706,4.64E-05
20150707,7.32E-05
20150708,8.49E-05
20150709,8.94E-05
20150710,7.04E-05
20150713,2.23E-05
20150714,6.88E-06
20150715,1.53E-05
20150716,1.02E-05
20150717,8.64E-06
20150720,1.03E-05
20150721,1.20E-05
20150722,2.06E-05
20150723,1.55E-05
20150724,2.46E-05
20150727,4.17E-05
20150728,2.87E-05
20150729,3.15E-05
20150730,2.26E-05
20150731,1.68E-05
20150803,2.78E-05
20150804,2.55E-05
20150805,2.69E-05
20150806,2.90E-05
20150807,3.08E-05
20150810,2.49E-05
20150811,4.86E-05
20150812,6.12E-05
20150813,3.27E-05
20150814,1.62E-05
20150817,2.45E-05
20150818,1.83E-05
20150819,6.87E-05
20150820,8.46E-05
20150821,0.000179363
20150824,0.001991331
20150825,0.000403011
20150826,0.000517196
20150827,0.000278463
20150828,0.000105525
20150831,9.03E-05
20150901,0.000334597
20150902,0.000174109
20150903,0.000112599
20150904,0.00013271
20150907,
20150908,0.000109519
20150909,0.00011391
20150910,0.000109485
20150911,5.72E-05
20150914,3.85E-05
20150915,3.52E-05
20150916,3.23E-05
20150917,0.000155427
20150918,0.000122224
20150921,6.11E-05
20150922,9.86E-05
20150923,5.25E-05
20150924,0.000100023
20150925,9.48E-05
20150928,0.00010779
20150929,0.000126277
20150930,0.000110196
20151001,0.000117964
20151002,0.000169205
20151005,5.40E-05
20151006,5.93E-05
20151007,8.20E-05
20151008,6.04E-05
20151009,3.36E-05
20151012,1.87E-05
20151013,3.49E-05
20151014,4.36E-05
20151015,3.45E-05
20151016,2.32E-05
20151019,2.56E-05
20151020,2.56E-05
20151021,4.71E-05
20151022,4.99E-05
20151023,3.74E-05
20151026,1.95E-05
20151027,2.61E-05
20151028,6.09E-05
20151029,2.34E-05
20151030,3.00E-05
20151102,1.62E-05
20151103,1.68E-05
20151104,3.67E-05
20151105,3.20E-05
20151106,4.60E-05
20151109,3.94E-05
20151110,3.10E-05
20151111,2.24E-05
20151112,5.07E-05
20151113,4.91E-05
20151116,5.40E-05
20151117,5.12E-05
20151118,4.29E-05
20151119,2.14E-05
20151120,1.84E-05
20151123,1.56E-05
20151124,3.55E-05
20151125,9.82E-06
20151126,
20151127,8.01E-06
20151130,2.15E-05
20151201,3.03E-05
20151202,2.99E-05
20151203,6.81E-05
20151204,5.59E-05
20151207,5.07E-05
20151208,9.33E-05
20151209,9.21E-05
20151210,6.36E-05
20151211,0.000118682
20151214,0.000140795
20151215,7.80E-05
20151216,0.000119875
20151217,7.58E-05
20151218,8.57E-05
20151221,6.86E-05
20151222,3.93E-05
20151223,2.88E-05
20151224,7.59E-06
20151225,
20151228,2.50E-05
20151229,2.27E-05
20151230,1.82E-05
20151231,3.79E-05
20160101,
20160104,0.000186994
20160105,6.28E-05
20160106,0.000119323
20160107,0.000222099
20160108,0.000116838
20160111,0.000138789
20160112,0.000134287
20160113,0.000156335
20160114,0.000170435
20160115,0.000344245
20160118,
20160119,0.000181541
20160120,0.000344603
20160121,0.000274501
20160122,0.000115697
20160125,7.39E-05
20160126,8.41E-05
20160127,0.000170414
20160128,0.000168333
20160129,6.29E-05
20160201,8.88E-05
20160202,9.86E-05
20160203,0.000233494
20160204,0.000173499
20160205,0.000134148
20160208,0.000189221
20160209,0.000235832
20160210,0.000148992
20160211,0.000267521
20160212,9.28E-05
20160215,
20160216,7.36E-05
20160217,4.72E-05
20160218,4.12E-05
20160219,5.16E-05
20160222,4.04E-05
20160223,3.83E-05
20160224,0.000113097
20160225,4.79E-05
20160226,5.27E-05
20160229,4.79E-05
20160301,5.23E-05
20160302,4.04E-05
20160303,3.14E-05
20160304,4.09E-05
20160307,4.68E-05
20160308,6.10E-05
20160309,5.16E-05
20160310,9.69E-05
20160311,3.05E-05
20160314,2.07E-05
20160315,2.32E-05
20160316,6.27E-05
20160317,2.16E-05
20160318,2.03E-05
20160321,1.90E-05
20160322,2.23E-05
20160323,2.83E-05
20160324,2.78E-05
20160325,
20160328,1.97E-05
20160329,2.90E-05
20160330,2.34E-05
20160331,1.45E-05
20160401,3.50E-05
20160404,1.54E-05
20160405,4.30E-05
20160406,3.14E-05
20160407,4.22E-05
20160408,3.63E-05
20160411,4.15E-05
20160412,4.37E-05
20160413,2.33E-05
20160414,1.18E-05
20160415,7.76E-06
20160418,2.06E-05
20160419,1.91E-05
20160420,1.24E-05
20160421,2.45E-05
20160422,2.74E-05
20160425,1.99E-05
20160426,1.72E-05
20160427,3.13E-05
20160428,3.10E-05
20160429,4.85E-05
20160502,2.79E-05
20160503,4.09E-05
20160504,3.82E-05
20160505,2.81E-05
20160506,3.39E-05
20160509,2.18E-05
20160510,1.19E-05
20160511,2.13E-05
20160512,3.52E-05
20160513,3.48E-05
20160516,1.59E-05
20160517,3.47E-05
20160518,8.02E-05
20160519,4.84E-05
20160520,2.21E-05
20160523,1.74E-05
20160524,1.81E-05
20160525,1.77E-05
20160526,1.29E-05
20160527,8.37E-06
20160530,
20160531,1.63E-05
20160601,2.43E-05
20160602,1.58E-05
20160603,2.62E-05
20160606,1.28E-05
20160607,7.40E-06
20160608,9.47E-06
20160609,1.44E-05
20160610,2.61E-05
20160613,2.88E-05
20160614,3.93E-05
20160615,2.66E-05
20160616,4.37E-05
20160617,3.29E-05
20160620,3.68E-05
20160621,2.12E-05
20160622,2.25E-05
20160623,2.37E-05
20160624,0.000345767
20160627,0.00012133
20160628,6.03E-05
20160629,3.98E-05
20160630,3.64E-05
20160701,1.73E-05
20160704,
20160705,2.68E-05
20160706,4.73E-05
20160707,2.73E-05
20160708,1.41E-05
20160711,1.31E-05
20160712,1.89E-05
20160713,1.33E-05
20160714,1.95E-05
20160715,1.21E-05
20160718,6.45E-06
20160719,9.91E-06
20160720,7.49E-06
20160721,1.01E-05
20160722,7.47E-06
20160725,8.80E-06
20160726,1.79E-05
20160727,2.50E-05
20160728,1.77E-05
20160729,1.32E-05
20160801,2.04E-05
20160802,2.54E-05
20160803,1.25E-05
20160804,1.02E-05
20160805,7.34E-06
20160808,5.60E-06
20160809,5.90E-06
20160810,1.01E-05
20160811,1.12E-05
20160812,7.51E-06
20160815,4.01E-06
20160816,8.23E-06
20160817,1.64E-05
20160818,6.07E-06
20160819,1.08E-05
20160822,1.96E-05
20160823,7.34E-06
20160824,9.94E-06
20160825,1.30E-05
20160826,5.42E-05
20160829,8.16E-06
20160830,1.26E-05
20160831,1.43E-05
20160901,2.58E-05
20160902,1.36E-05
20160905,
20160906,1.30E-05
20160907,7.74E-06
20160908,1.36E-05
20160909,3.66E-05
20160912,5.64E-05
20160913,8.87E-05
20160914,4.93E-05
20160915,3.33E-05
20160916,3.41E-05
20160919,2.18E-05
20160920,1.71E-05
20160921,3.61E-05
20160922,1.58E-05
20160923,1.20E-05
20160926,2.00E-05
20160927,2.43E-05
20160928,2.15E-05
20160929,5.10E-05
20160930,2.70E-05
20161003,2.38E-05
20161004,3.83E-05
20161005,1.11E-05
20161006,1.65E-05
20161007,2.76E-05
20161010,8.96E-06
20161011,2.96E-05
20161012,2.04E-05
20161013,3.02E-05
20161014,2.66E-05
20161017,1.98E-05
20161018,1.25E-05
20161019,6.34E-06
20161020,2.95E-05
20161021,1.86E-05
20161024,9.22E-06
20161025,1.14E-05
20161026,2.25E-05
20161027,2.04E-05
20161028,5.10E-05
20161031,1.43E-05
20161101,3.59E-05
20161102,4.13E-05
20161103,2.27E-05
20161104,2.99E-05
20161107,2.47E-05
20161108,2.44E-05
20161109,0.000125255
20161110,9.63E-05
20161111,3.89E-05
20161114,3.77E-05
20161115,1.33E-05
20161116,1.40E-05
20161117,1.05E-05
20161118,9.10E-06
20161121,7.82E-06
20161122,7.33E-06
20161123,7.74E-06
20161124,
20161125,2.49E-06
20161128,1.11E-05
20161129,8.78E-06
20161130,1.75E-05
20161201,2.47E-05
20161202,1.24E-05
20161205,1.07E-05
20161206,8.36E-06
20161207,1.64E-05
20161208,1.85E-05
20161209,7.95E-06
20161212,1.13E-05
20161213,1.42E-05
20161214,6.30E-05
20161215,2.65E-05
20161216,1.79E-05
20161219,1.17E-05
20161220,7.35E-06
20161221,4.96E-06
20161222,7.27E-06
20161223,2.33E-06
20161226,
20161227,4.38E-06
20161228,1.20E-05
20161229,9.89E-06
20161230,1.89E-05
20170102,
20170103,2.60E-05
20170104,1.14E-05
20170105,1.17E-05
20170106,1.53E-05
20170109,9.10E-06
20170110,1.13E-05
20170111,3.34E-05
20170112,2.10E-05
20170113,9.38E-06
20170116,
20170117,1.31E-05
20170118,1.18E-05
20170119,1.48E-05
20170120,2.45E-05
20170123,1.46E-05
20170124,7.86E-06
20170125,6.88E-06
20170126,9.88E-06
20170127,6.36E-06
20170130,1.69E-05
20170131,1.57E-05
20170201,2.06E-05
20170202,1.52E-05
20170203,8.83E-06
20170206,8.47E-06
20170207,8.19E-06
20170208,1.09E-05
20170209,6.50E-06
20170210,5.26E-06
20170213,5.03E-06
20170214,1.10E-05
20170215,8.54E-06
20170216,1.57E-05
20170217,7.80E-06
20170220,
20170221,7.90E-06
20170222,8.26E-06
20170223,1.04E-05
20170224,1.11E-05
20170227,7.40E-06
20170228,7.76E-06
20170301,1.16E-05
20170302,1.24E-05
20170303,1.22E-05
20170306,8.54E-06
20170307,9.18E-06
20170308,1.40E-05
20170309,1.34E-05
20170310,1.58E-05
20170313,6.22E-06
20170314,1.37E-05
20170315,1.82E-05
20170316,1.17E-05
20170317,6.25E-06
20170320,9.11E-06
20170321,4.30E-05
20170322,3.07E-05
20170323,2.54E-05
20170324,3.02E-05
20170327,2.99E-05
20170328,2.18E-05
20170329,1.29E-05
20170330,1.01E-05
20170331,1.10E-05
20170403,2.45E-05
20170404,1.27E-05
20170405,3.05E-05
20170406,2.58E-05
20170407,2.05E-05
20170410,1.99E-05
20170411,3.46E-05
20170412,2.43E-05
20170413,2.06E-05
20170414,
20170417,1.00E-05
20170418,1.88E-05
20170419,1.54E-05
20170420,1.40E-05
20170421,1.47E-05
20170424,1.08E-05
20170425,7.09E-06
20170426,1.92E-05
20170427,8.63E-06
20170428,7.21E-06
20170501,8.64E-06
20170502,6.23E-06
20170503,1.00E-05
20170504,1.39E-05
20170505,7.11E-06
20170508,5.57E-06
20170509,7.51E-06
20170510,5.47E-06
20170511,1.30E-05
20170512,6.00E-06
20170515,4.59E-06
20170516,7.11E-06
20170517,3.09E-05
20170518,3.73E-05
20170519,1.35E-05
20170522,6.65E-06
20170523,6.31E-06
20170524,6.16E-06
20170525,9.42E-06
20170526,3.81E-06
20170529,
20170530,4.81E-06
20170531,1.41E-05
20170601,7.74E-06
20170602,7.25E-06
20170605,4.39E-06
20170606,8.80E-06
20170607,1.05E-05
20170608,1.50E-05
20170609,3.16E-05
20170612,1.81E-05
20170613,8.60E-06
20170614,2.20E-05
20170615,1.65E-05
20170616,1.15E-05
20170619,6.12E-06
20170620,9.62E-06
20170621,1.16E-05
20170622,7.53E-06
20170623,7.23E-06
20170626,1.30E-05
20170627,1.95E-05
20170628,1.16E-05
20170629,4.75E-05
20170630,1.32E-05
20170703,9.44E-06
20170704,
20170705,1.36E-05
20170706,1.79E-05
20170707,1.04E-05
20170710,6.45E-06
20170711,1.72E-05
20170712,9.37E-06
20170713,6.48E-06
20170714,5.08E-06
20170717,4.43E-06
20170718,7.72E-06
20170719,3.61E-06
20170720,9.45E-06
20170721,5.63E-06
20170724,3.29E-06
20170725,4.26E-06
20170726,4.75E-06
20170727,2.37E-05
20170728,7.83E-06
20170731,6.97E-06
20170801,5.81E-06
20170802,9.89E-06
20170803,7.20E-06
20170804,6.76E-06
20170807,1.90E-06
20170808,1.18E-05
20170809,1.63E-05
20170810,2.95E-05
20170811,1.76E-05
20170814,7.87E-06
20170815,8.27E-06
20170816,1.01E-05
20170817,3.03E-05
20170818,2.99E-05
20170821,1.57E-05
20170822,7.96E-06
20170823,1.11E-05
20170824,1.92E-05
20170825,1.35E-05
20170828,7.81E-06
20170829,1.37E-05
20170830,7.97E-06
20170831,8.38E-06
20170901,4.89E-06
20170904,
20170905,2.76E-05
20170906,1.13E-05
20170907,1.11E-05
20170908,7.65E-06
20170911,5.35E-06
20170912,5.28E-06
20170913,4.13E-06
20170914,4.00E-06
20170915,3.46E-06
20170918,4.87E-06
20170919,4.11E-06
20170920,1.29E-05
20170921,7.08E-06
20170922,4.22E-06
20170925,1.27E-05
20170926,7.68E-06
20170927,8.99E-06
20170928,6.14E-06
20170929,4.49E-06
20171002,5.14E-06
20171003,2.94E-06
20171004,4.40E-06
20171005,3.68E-06
20171006,4.55E-06
20171009,3.61E-06
20171010,7.64E-06
20171011,3.60E-06
20171012,4.16E-06
20171013,3.49E-06
20171016,4.19E-06
20171017,2.56E-06
20171018,2.71E-06
20171019,8.59E-06
20171020,3.69E-06
20171023,6.11E-06
20171024,5.63E-06
20171025,1.68E-05
20171026,9.89E-06
20171027,9.71E-06
20171030,8.88E-06
20171031,3.87E-06
20171101,9.49E-06
20171102,1.41E-05
20171103,5.55E-06
20171106,3.71E-06
20171107,8.67E-06
20171108,4.94E-06
20171109,2.68E-05
20171110,7.72E-06
20171113,5.34E-06
20171114,1.47E-05
20171115,1.74E-05
20171116,6.58E-06
20171117,7.02E-06
20171120,4.15E-06
20171121,3.44E-06
20171122,3.23E-06
20171123,
20171124,1.41E-06
20171127,3.82E-06
20171128,9.78E-06
20171129,1.70E-05
20171130,2.05E-05
20171201,0.000130119
20171204,2.31E-05
20171205,
